timestamp,scenario,origin_pods,cache_pods,origin_cpu_mcores,cache_cpu_mcores,origin_mem_MiB,cache_mem_MiB,throughput_rps,cache_hit_ratio,current_replicas
2025-12-27T19:45:54.651100,S2,1,0,0.0,0.0,4.0,0.0,0.0,0.0,1
2025-12-27T19:46:04.979485,S2,1,0,0.0,0.0,4.0,0.0,0.0,0.0,1
2025-12-27T19:46:15.305293,S2,1,0,0.0,0.0,4.0,0.0,0.0,0.0,1
2025-12-27T19:46:25.635740,S2,1,0,0.0,0.0,4.0,0.0,0.0,0.0,1
2025-12-27T19:46:35.981278,S2,1,0,0.0,0.0,4.0,0.0,0.0,0.0,1
2025-12-27T19:46:46.304883,S2,1,0,0.0,0.0,4.0,0.0,0.0,0.0,1
2025-12-27T19:46:56.632485,S2,1,0,0.0,0.0,4.0,0.0,0.0,0.0,1
2025-12-27T19:47:06.952806,S2,1,0,0.0,0.0,4.0,0.0,0.0,0.0,1
2025-12-27T19:47:17.278583,S2,1,0,0.0,0.0,4.0,0.0,0.0,0.0,1
2025-12-27T19:47:27.601022,S2,1,0,0.0,0.0,4.0,0.0,0.0,0.0,1
2025-12-27T19:47:37.931762,S2,1,0,0.0,0.0,4.0,0.0,0.0,0.0,1
2025-12-27T19:47:48.247012,S2,1,0,0.0,0.0,4.0,0.0,0.0,0.0,1
2025-12-27T19:47:58.566721,S2,1,0,0.0,0.0,4.0,0.0,0.0,0.0,1
2025-12-27T19:48:08.900488,S2,1,0,0.0,0.0,4.0,0.0,0.0,0.0,1
2025-12-27T19:48:19.245700,S2,1,0,0.0,0.0,4.0,0.0,0.0,0.0,1
2025-12-27T19:48:29.571262,S2,1,0,0.0,0.0,4.0,0.0,0.0,0.0,1
2025-12-27T19:48:39.890911,S2,1,0,0.0,0.0,4.0,0.0,0.0,0.0,1
2025-12-27T19:48:50.213399,S2,1,0,0.0,0.0,4.0,0.0,0.0,0.0,1
2025-12-27T19:49:00.526167,S2,1,0,0.0,0.0,4.0,0.0,0.0,0.0,1
2025-12-27T19:49:10.845560,S2,1,0,0.0,0.0,4.0,0.0,0.0,0.0,1
2025-12-27T19:49:21.182498,S2,1,0,0.0,0.0,4.0,0.0,0.0,0.0,1
2025-12-27T19:49:31.509933,S2,1,0,0.0,0.0,4.0,0.0,0.0,0.0,1
2025-12-27T19:49:41.837222,S2,1,0,0.0,0.0,4.0,0.0,0.0,0.0,1
2025-12-27T19:49:52.157394,S2,1,0,0.0,0.0,4.0,0.0,0.0,0.0,1
2025-12-27T19:50:02.478415,S2,1,0,0.0,0.0,4.0,0.0,0.0,0.0,1
2025-12-27T19:50:12.805617,S2,1,0,0.0,0.0,4.0,0.0,0.0,0.0,1
2025-12-27T19:50:23.122737,S2,1,0,0.0,0.0,4.0,0.0,0.0,0.0,1
2025-12-27T19:50:33.453663,S2,1,0,0.0,0.0,4.0,0.0,0.0,0.0,1
2025-12-27T19:50:43.780719,S2,1,0,0.0,0.0,4.0,0.0,0.0,0.0,1
2025-12-27T19:54:16.447200,S2,1,0,0.0,0.0,4.0,0.0,0.0,0.0,1
2025-12-27T19:54:26.767379,S2,1,0,0.0,0.0,4.0,0.0,0.0,0.0,1
2025-12-27T19:54:37.084743,S2,1,0,0.0,0.0,4.0,0.0,0.0,0.0,1
2025-12-27T19:54:47.425925,S2,1,0,0.0,0.0,4.0,0.0,0.0,0.0,1
2025-12-27T19:54:57.745476,S2,1,0,0.0,0.0,4.0,0.0,0.0,0.0,1
2025-12-27T19:55:08.085782,S2,1,0,0.0,0.0,4.0,0.0,0.0,0.0,1
2025-12-27T19:55:18.411833,S2,1,0,0.0,0.0,4.0,0.0,0.0,0.0,1
2025-12-27T19:55:28.731825,S2,1,0,0.0,0.0,4.0,0.0,0.0,0.0,1
2025-12-27T19:55:39.083669,S2,1,0,0.0,0.0,4.0,0.0,0.0,0.0,1
2025-12-27T19:55:49.410073,S2,1,0,0.0,0.0,4.0,0.0,0.0,0.0,1
2025-12-27T19:55:59.732261,S2,1,0,0.0,0.0,4.0,0.0,0.0,0.0,1
2025-12-27T19:56:10.072199,S2,1,0,0.0,0.0,4.0,0.0,0.0,0.0,1
2025-12-27T19:56:20.390401,S2,1,0,0.0,0.0,4.0,0.0,0.0,0.0,1
2025-12-27T19:56:30.726971,S2,1,0,0.0,0.0,4.0,0.0,0.0,0.0,1
2025-12-27T19:56:41.048961,S2,1,0,0.0,0.0,4.0,0.0,0.0,0.0,1
2025-12-27T19:56:51.383508,S2,1,0,0.0,0.0,4.0,0.0,0.0,0.0,1
2025-12-27T19:57:01.702603,S2,1,0,0.0,0.0,4.0,0.0,0.0,0.0,1
2025-12-27T19:57:12.020908,S2,1,0,0.0,0.0,4.0,0.0,0.0,0.0,1
2025-12-27T19:57:22.341076,S2,1,0,0.0,0.0,4.0,0.0,0.0,0.0,1
2025-12-27T19:57:32.661586,S2,1,0,0.0,0.0,4.0,0.0,0.0,0.0,1
2025-12-27T19:57:42.986438,S2,1,0,0.0,0.0,4.0,0.0,0.0,0.0,1
2025-12-27T19:57:53.323481,S2,1,0,0.0,0.0,4.0,0.0,0.0,0.0,1
2025-12-27T19:58:03.644853,S2,1,0,0.0,0.0,4.0,0.0,0.0,0.0,1
2025-12-27T19:58:13.962058,S2,1,0,0.0,0.0,4.0,0.0,0.0,0.0,1
2025-12-27T19:58:24.281747,S2,1,0,0.0,0.0,4.0,0.0,0.0,0.0,1
2025-12-27T19:58:34.602033,S2,1,0,0.0,0.0,4.0,0.0,0.0,0.0,1
2025-12-27T19:58:44.926896,S2,1,0,0.0,0.0,4.0,0.0,0.0,0.0,1
2025-12-27T19:58:55.245612,S2,1,0,0.0,0.0,4.0,0.0,0.0,0.0,1
2025-12-27T19:59:05.565630,S2,1,0,0.0,0.0,4.0,0.0,0.0,0.0,1
2025-12-27T19:59:15.888773,S2,1,0,0.0,0.0,4.0,0.0,0.0,0.0,1
2025-12-27T19:59:26.213641,S2,1,0,0.0,0.0,4.0,0.0,0.0,0.0,1
2025-12-27T19:59:36.532227,S2,1,0,0.0,0.0,4.0,0.0,0.0,0.0,1
2025-12-27T19:59:46.876854,S2,1,0,0.0,0.0,4.0,0.0,0.0,0.0,1
2025-12-27T19:59:57.201753,S2,1,0,0.0,0.0,4.0,0.0,0.0,0.0,1
2025-12-27T20:00:07.543624,S2,1,0,0.0,0.0,4.0,0.0,0.0,0.0,1
2025-12-27T20:00:17.868252,S2,1,0,0.0,0.0,4.0,0.0,0.0,0.0,1
2025-12-27T20:00:28.190106,S2,1,0,0.0,0.0,4.0,0.0,0.0,0.0,1
2025-12-27T20:00:38.521752,S2,1,0,0.0,0.0,4.0,0.0,0.0,0.0,1
2025-12-27T20:00:48.842334,S2,1,0,0.0,0.0,4.0,0.0,0.0,0.0,1
2025-12-27T20:00:59.205681,S2,1,0,0.0,0.0,4.0,0.0,0.0,0.0,1
2025-12-27T20:01:09.542002,S2,1,0,0.0,0.0,4.0,0.0,0.0,0.0,1
2025-12-27T20:01:19.862436,S2,1,0,0.0,0.0,4.0,0.0,0.0,0.0,1
2025-12-27T20:01:30.191310,S2,1,0,0.0,0.0,4.0,0.0,0.0,0.0,1
2025-12-27T20:01:40.512003,S2,1,0,0.0,0.0,4.0,0.0,0.0,0.0,1
2025-12-27T20:01:50.831133,S2,1,0,0.0,0.0,4.0,0.0,0.0,0.0,1
2025-12-27T20:02:01.152667,S2,1,0,2.0,0.0,4.0,0.0,0.0,0.0,1
2025-12-27T20:02:11.475542,S2,1,0,2.0,0.0,4.0,0.0,0.0,0.0,1
2025-12-27T20:02:21.791921,S2,1,0,2.0,0.0,4.0,0.0,0.0,0.0,1
2025-12-27T20:02:32.115026,S2,1,0,2.0,0.0,4.0,0.0,0.0,0.0,1
2025-12-27T20:02:42.439790,S2,1,0,2.0,0.0,4.0,0.0,0.0,0.0,1
2025-12-27T20:02:52.757983,S2,1,0,2.0,0.0,4.0,0.0,0.0,0.0,1
2025-12-27T20:03:03.081454,S2,1,0,4.0,0.0,5.0,0.0,0.0,0.0,1
2025-12-27T20:03:13.407141,S2,1,0,4.0,0.0,5.0,0.0,0.0,0.0,1
2025-12-27T20:03:23.721874,S2,1,0,4.0,0.0,5.0,0.0,0.0,0.0,1
2025-12-27T20:03:34.058338,S2,1,0,4.0,0.0,5.0,0.0,0.0,0.0,1
2025-12-27T20:03:44.385246,S2,1,0,4.0,0.0,5.0,0.0,0.0,0.0,1
2025-12-27T20:03:54.727988,S2,1,0,4.0,0.0,5.0,0.0,0.0,0.0,1
2025-12-27T20:04:05.049886,S2,1,0,8.0,0.0,4.0,0.0,0.0,0.0,1
2025-12-27T20:04:15.388877,S2,1,0,8.0,0.0,4.0,0.0,0.0,0.0,1
2025-12-27T20:04:25.721068,S2,1,0,8.0,0.0,4.0,0.0,0.0,0.0,1
2025-12-27T20:04:36.061625,S2,1,0,8.0,0.0,4.0,0.0,0.0,0.0,1
2025-12-27T20:04:46.378266,S2,1,0,8.0,0.0,4.0,0.0,0.0,0.0,1
2025-12-27T20:04:56.707155,S2,1,0,8.0,0.0,4.0,0.0,0.0,0.0,1
2025-12-27T20:05:07.029740,S2,1,0,7.0,0.0,4.0,0.0,0.0,0.0,1
2025-12-27T20:05:17.349660,S2,1,0,7.0,0.0,4.0,0.0,0.0,0.0,1
2025-12-27T20:05:27.671930,S2,1,0,7.0,0.0,4.0,0.0,0.0,0.0,1
2025-12-27T20:05:38.011563,S2,1,0,7.0,0.0,4.0,0.0,0.0,0.0,1
2025-12-27T20:05:48.340378,S2,1,0,7.0,0.0,4.0,0.0,0.0,0.0,1
2025-12-27T20:05:58.664503,S2,1,0,7.0,0.0,4.0,0.0,0.0,0.0,1
2025-12-27T20:06:09.002677,S2,1,0,7.0,0.0,4.0,0.0,0.0,0.0,1
2025-12-27T20:06:19.370744,S2,1,0,7.0,0.0,4.0,0.0,0.0,0.0,1
2025-12-27T20:06:29.684207,S2,1,0,7.0,0.0,4.0,0.0,0.0,0.0,1
2025-12-27T20:06:40.024927,S2,1,0,7.0,0.0,4.0,0.0,0.0,0.0,1
2025-12-27T20:06:50.350397,S2,1,0,7.0,0.0,4.0,0.0,0.0,0.0,1
2025-12-27T20:07:00.673717,S2,1,0,8.0,0.0,5.0,0.0,0.0,0.0,1
2025-12-27T20:07:10.999389,S2,1,0,8.0,0.0,5.0,0.0,0.0,0.0,1
2025-12-27T20:07:21.345701,S2,1,0,8.0,0.0,5.0,0.0,0.0,0.0,1
2025-12-27T20:07:31.685663,S2,1,0,8.0,0.0,5.0,0.0,0.0,0.0,1
2025-12-27T20:07:42.029447,S2,1,0,8.0,0.0,5.0,0.0,0.0,0.0,1
2025-12-27T20:07:52.352958,S2,1,0,8.0,0.0,5.0,0.0,0.0,0.0,1
2025-12-27T20:08:02.686916,S2,1,0,7.0,0.0,5.0,0.0,0.0,0.0,1
2025-12-27T20:08:13.020818,S2,1,0,7.0,0.0,5.0,0.0,0.0,0.0,1
2025-12-27T20:08:23.341828,S2,1,0,7.0,0.0,5.0,0.0,0.0,0.0,1
2025-12-27T20:08:33.669907,S2,1,0,7.0,0.0,5.0,0.0,0.0,0.0,1
2025-12-27T20:08:43.990599,S2,1,0,7.0,0.0,5.0,0.0,0.0,0.0,1
2025-12-27T20:08:54.311625,S2,1,0,7.0,0.0,5.0,0.0,0.0,0.0,1
2025-12-27T20:09:04.629813,S2,1,0,10.0,0.0,5.0,0.0,0.0,0.0,1
2025-12-27T20:09:14.950068,S2,1,0,10.0,0.0,5.0,0.0,0.0,0.0,1
2025-12-27T20:09:25.271805,S2,1,0,10.0,0.0,5.0,0.0,0.0,0.0,1
2025-12-27T20:09:35.606660,S2,1,0,10.0,0.0,5.0,0.0,0.0,0.0,1
2025-12-27T20:09:45.951189,S2,1,0,10.0,0.0,5.0,0.0,0.0,0.0,1
2025-12-27T20:09:56.292772,S2,1,0,10.0,0.0,5.0,0.0,0.0,0.0,1
2025-12-27T20:10:06.634859,S2,1,0,12.0,0.0,5.0,0.0,0.0,0.0,1
2025-12-27T20:10:16.990864,S2,1,0,12.0,0.0,5.0,0.0,0.0,0.0,1
2025-12-27T20:10:27.315656,S2,1,0,12.0,0.0,5.0,0.0,0.0,0.0,1
2025-12-27T20:10:37.641467,S2,1,0,12.0,0.0,5.0,0.0,0.0,0.0,1
2025-12-27T20:10:47.976709,S2,1,0,12.0,0.0,5.0,0.0,0.0,0.0,1
2025-12-27T20:10:58.308146,S2,1,0,12.0,0.0,5.0,0.0,0.0,0.0,1
2025-12-27T20:11:08.640097,S2,1,0,14.0,0.0,5.0,0.0,0.0,0.0,1
2025-12-27T20:11:18.971548,S2,2,0,14.0,0.0,5.0,0.0,0.0,0.0,2
2025-12-27T20:11:29.321968,S2,2,0,14.0,0.0,5.0,0.0,0.0,0.0,2
2025-12-27T20:11:39.652232,S2,2,0,14.0,0.0,5.0,0.0,0.0,0.0,2
2025-12-27T20:11:49.987380,S2,2,0,14.0,0.0,5.0,0.0,0.0,0.0,2
2025-12-27T20:12:00.317009,S2,2,0,18.0,0.0,9.0,0.0,0.0,0.0,2
2025-12-27T20:12:10.662186,S2,2,0,18.0,0.0,9.0,0.0,0.0,0.0,2
2025-12-27T20:12:21.002669,S2,2,0,18.0,0.0,9.0,0.0,0.0,0.0,2
2025-12-27T20:12:31.319418,S2,2,0,18.0,0.0,9.0,0.0,0.0,0.0,2
2025-12-27T20:12:41.657615,S2,2,0,18.0,0.0,9.0,0.0,0.0,0.0,2
2025-12-27T20:12:51.983182,S2,2,0,18.0,0.0,9.0,0.0,0.0,0.0,2
2025-12-27T20:13:02.322471,S2,2,0,18.0,0.0,9.0,0.0,0.0,0.0,2
2025-12-27T20:13:12.665259,S2,2,0,18.0,0.0,9.0,0.0,0.0,0.0,2
2025-12-27T20:13:22.990366,S2,2,0,18.0,0.0,9.0,0.0,0.0,0.0,2
2025-12-27T20:13:33.320968,S2,2,0,18.0,0.0,9.0,0.0,0.0,0.0,2
2025-12-27T20:13:43.654099,S2,2,0,18.0,0.0,9.0,0.0,0.0,0.0,2
2025-12-27T20:13:54.002240,S2,2,0,18.0,0.0,9.0,0.0,0.0,0.0,2
2025-12-27T20:14:04.328998,S2,2,0,16.0,0.0,8.0,0.0,0.0,0.0,2
2025-12-27T20:14:14.674626,S2,2,0,16.0,0.0,8.0,0.0,0.0,0.0,2
2025-12-27T20:14:25.000079,S2,2,0,16.0,0.0,8.0,0.0,0.0,0.0,2
2025-12-27T20:14:35.340793,S2,2,0,16.0,0.0,8.0,0.0,0.0,0.0,2
2025-12-27T20:14:45.691247,S2,2,0,16.0,0.0,8.0,0.0,0.0,0.0,2
2025-12-27T20:14:56.041846,S2,2,0,16.0,0.0,8.0,0.0,0.0,0.0,2
2025-12-27T20:15:06.373321,S2,2,0,15.0,0.0,9.0,0.0,0.0,0.0,2
2025-12-27T20:15:16.710901,S2,2,0,15.0,0.0,9.0,0.0,0.0,0.0,2
2025-12-27T20:15:27.050187,S2,2,0,15.0,0.0,9.0,0.0,0.0,0.0,2
2025-12-27T20:15:37.380173,S2,2,0,15.0,0.0,9.0,0.0,0.0,0.0,2
2025-12-27T20:15:47.711778,S2,2,0,15.0,0.0,9.0,0.0,0.0,0.0,2
2025-12-27T20:15:58.040860,S2,2,0,15.0,0.0,9.0,0.0,0.0,0.0,2
2025-12-27T20:16:08.372260,S2,2,0,14.0,0.0,9.0,0.0,0.0,0.0,2
2025-12-27T20:16:18.733795,S2,2,0,14.0,0.0,9.0,0.0,0.0,0.0,2
2025-12-27T20:16:29.106648,S2,2,0,14.0,0.0,9.0,0.0,0.0,0.0,2
2025-12-27T20:16:39.455288,S2,2,0,14.0,0.0,9.0,0.0,0.0,0.0,2
2025-12-27T20:16:49.780290,S2,2,0,14.0,0.0,9.0,0.0,0.0,0.0,2
2025-12-27T20:17:00.166404,S2,2,0,21.0,0.0,8.0,0.0,0.0,0.0,2
2025-12-27T20:17:10.533915,S2,2,0,21.0,0.0,8.0,0.0,0.0,0.0,2
2025-12-27T20:17:20.870258,S2,2,0,21.0,0.0,8.0,0.0,0.0,0.0,2
2025-12-27T20:17:31.217891,S2,2,0,21.0,0.0,8.0,0.0,0.0,0.0,2
2025-12-27T20:17:41.551893,S2,2,0,21.0,0.0,8.0,0.0,0.0,0.0,2
2025-12-27T20:17:51.911936,S2,2,0,21.0,0.0,8.0,0.0,0.0,0.0,2
2025-12-27T20:18:02.255972,S2,2,0,22.0,0.0,8.0,0.0,0.0,0.0,2
2025-12-27T20:18:12.622505,S2,2,0,22.0,0.0,8.0,0.0,0.0,0.0,2
2025-12-27T20:18:22.980640,S2,2,0,22.0,0.0,8.0,0.0,0.0,0.0,2
2025-12-27T20:18:33.346487,S2,2,0,22.0,0.0,8.0,0.0,0.0,0.0,2
2025-12-27T20:18:43.676945,S2,2,0,22.0,0.0,8.0,0.0,0.0,0.0,2
2025-12-27T20:18:54.016175,S2,2,0,22.0,0.0,8.0,0.0,0.0,0.0,2
2025-12-27T20:19:04.357163,S2,2,0,24.0,0.0,8.0,0.0,0.0,0.0,2
2025-12-27T20:19:14.700403,S2,2,0,24.0,0.0,8.0,0.0,0.0,0.0,2
2025-12-27T20:19:25.026243,S2,2,0,24.0,0.0,8.0,0.0,0.0,0.0,2
2025-12-27T20:19:35.383542,S2,2,0,24.0,0.0,8.0,0.0,0.0,0.0,2
2025-12-27T20:19:45.731284,S2,2,0,24.0,0.0,8.0,0.0,0.0,0.0,2
2025-12-27T20:19:56.093583,S2,2,0,24.0,0.0,8.0,0.0,0.0,0.0,2
2025-12-27T20:20:06.461406,S2,2,0,22.0,0.0,9.0,0.0,0.0,0.0,2
2025-12-27T20:20:16.796265,S2,2,0,22.0,0.0,9.0,0.0,0.0,0.0,2
2025-12-27T20:20:27.130423,S2,2,0,22.0,0.0,9.0,0.0,0.0,0.0,2
2025-12-27T20:20:37.472198,S2,2,0,22.0,0.0,9.0,0.0,0.0,0.0,2
2025-12-27T20:20:47.820501,S2,2,0,22.0,0.0,9.0,0.0,0.0,0.0,2
2025-12-27T20:20:58.168599,S2,2,0,22.0,0.0,9.0,0.0,0.0,0.0,2
2025-12-27T20:21:08.511031,S2,2,0,25.0,0.0,10.0,0.0,0.0,0.0,2
2025-12-27T20:21:18.874404,S2,3,0,25.0,0.0,10.0,0.0,0.0,0.0,3
2025-12-27T20:21:29.283699,S2,3,0,25.0,0.0,10.0,0.0,0.0,0.0,3
2025-12-27T20:21:39.655631,S2,3,0,25.0,0.0,10.0,0.0,0.0,0.0,3
2025-12-27T20:21:49.995378,S2,3,0,25.0,0.0,10.0,0.0,0.0,0.0,3
2025-12-27T20:22:00.369232,S2,3,0,27.0,0.0,13.0,0.0,0.0,0.0,3
2025-12-27T20:22:10.715144,S2,3,0,27.0,0.0,13.0,0.0,0.0,0.0,3
2025-12-27T20:22:21.061024,S2,3,0,27.0,0.0,13.0,0.0,0.0,0.0,3
2025-12-27T20:22:31.407034,S2,3,0,27.0,0.0,13.0,0.0,0.0,0.0,3
2025-12-27T20:22:41.751342,S2,3,0,27.0,0.0,13.0,0.0,0.0,0.0,3
2025-12-27T20:22:52.104590,S2,3,0,27.0,0.0,13.0,0.0,0.0,0.0,3
2025-12-27T20:23:02.456978,S2,3,0,27.0,0.0,13.0,0.0,0.0,0.0,3
2025-12-27T20:23:12.818181,S2,3,0,27.0,0.0,13.0,0.0,0.0,0.0,3
2025-12-27T20:23:23.163720,S2,3,0,27.0,0.0,13.0,0.0,0.0,0.0,3
2025-12-27T20:23:33.542490,S2,3,0,27.0,0.0,13.0,0.0,0.0,0.0,3
2025-12-27T20:23:43.878834,S2,3,0,27.0,0.0,13.0,0.0,0.0,0.0,3
2025-12-27T20:23:54.251288,S2,3,0,27.0,0.0,13.0,0.0,0.0,0.0,3
2025-12-27T20:24:04.622659,S2,3,0,28.0,0.0,12.0,0.0,0.0,0.0,3
2025-12-27T20:24:14.974654,S2,3,0,28.0,0.0,12.0,0.0,0.0,0.0,3
2025-12-27T20:24:25.312703,S2,3,0,28.0,0.0,12.0,0.0,0.0,0.0,3
2025-12-27T20:24:35.692015,S2,3,0,28.0,0.0,12.0,0.0,0.0,0.0,3
2025-12-27T20:24:46.096468,S2,3,0,28.0,0.0,12.0,0.0,0.0,0.0,3
2025-12-27T20:24:56.451876,S2,3,0,28.0,0.0,12.0,0.0,0.0,0.0,3
2025-12-27T20:25:06.802587,S2,3,0,35.0,0.0,13.0,0.0,0.0,0.0,3
2025-12-27T20:25:17.163268,S2,3,0,35.0,0.0,13.0,0.0,0.0,0.0,3
2025-12-27T20:25:27.565736,S2,3,0,35.0,0.0,13.0,0.0,0.0,0.0,3
2025-12-27T20:25:37.937280,S2,3,0,35.0,0.0,13.0,0.0,0.0,0.0,3
2025-12-27T20:25:48.279147,S2,3,0,35.0,0.0,13.0,0.0,0.0,0.0,3
2025-12-27T20:25:58.635831,S2,3,0,35.0,0.0,13.0,0.0,0.0,0.0,3
2025-12-27T20:26:09.038571,S2,3,0,29.0,0.0,13.0,0.0,0.0,0.0,3
2025-12-27T20:26:19.433412,S2,3,0,29.0,0.0,13.0,0.0,0.0,0.0,3
2025-12-27T20:26:29.804234,S2,3,0,29.0,0.0,13.0,0.0,0.0,0.0,3
2025-12-27T20:26:40.208514,S2,3,0,29.0,0.0,13.0,0.0,0.0,0.0,3
2025-12-27T20:26:50.558188,S2,3,0,29.0,0.0,13.0,0.0,0.0,0.0,3
2025-12-27T20:27:00.917042,S2,3,0,32.0,0.0,14.0,0.0,0.0,0.0,3
2025-12-27T20:27:11.261762,S2,3,0,32.0,0.0,14.0,0.0,0.0,0.0,3
2025-12-27T20:27:21.612636,S2,3,0,32.0,0.0,14.0,0.0,0.0,0.0,3
2025-12-27T20:27:31.952718,S2,3,0,32.0,0.0,14.0,0.0,0.0,0.0,3
2025-12-27T20:27:42.322366,S2,3,0,32.0,0.0,14.0,0.0,0.0,0.0,3
2025-12-27T20:27:52.672276,S2,3,0,32.0,0.0,14.0,0.0,0.0,0.0,3
2025-12-27T20:28:03.053704,S2,3,0,34.0,0.0,12.0,0.0,0.0,0.0,3
2025-12-27T20:28:13.412556,S2,3,0,34.0,0.0,12.0,0.0,0.0,0.0,3
2025-12-27T20:28:23.784030,S2,4,0,34.0,0.0,12.0,0.0,0.0,0.0,4
2025-12-27T20:28:34.121273,S2,4,0,34.0,0.0,12.0,0.0,0.0,0.0,4
2025-12-27T20:28:44.474654,S2,4,0,34.0,0.0,12.0,0.0,0.0,0.0,4
2025-12-27T20:28:54.853686,S2,4,0,34.0,0.0,12.0,0.0,0.0,0.0,4
2025-12-27T20:29:05.218810,S2,4,0,34.0,0.0,20.0,0.0,0.0,0.0,4
2025-12-27T20:29:15.604403,S2,4,0,34.0,0.0,20.0,0.0,0.0,0.0,4
2025-12-27T20:29:25.987677,S2,4,0,34.0,0.0,20.0,0.0,0.0,0.0,4
2025-12-27T20:29:36.370293,S2,4,0,34.0,0.0,20.0,0.0,0.0,0.0,4
2025-12-27T20:29:46.733905,S2,4,0,34.0,0.0,20.0,0.0,0.0,0.0,4
2025-12-27T20:29:57.102896,S2,4,0,34.0,0.0,20.0,0.0,0.0,0.0,4
2025-12-27T20:30:07.456480,S2,4,0,35.0,0.0,17.0,0.0,0.0,0.0,4
2025-12-27T20:30:17.782512,S2,4,0,35.0,0.0,17.0,0.0,0.0,0.0,4
2025-12-27T20:30:28.152224,S2,4,0,35.0,0.0,17.0,0.0,0.0,0.0,4
2025-12-27T20:30:38.520093,S2,4,0,35.0,0.0,17.0,0.0,0.0,0.0,4
2025-12-27T20:30:48.880058,S2,4,0,35.0,0.0,17.0,0.0,0.0,0.0,4
2025-12-27T20:30:59.305304,S2,4,0,35.0,0.0,17.0,0.0,0.0,0.0,4
2025-12-27T20:31:09.670086,S2,4,0,39.0,0.0,16.0,0.0,0.0,0.0,4
2025-12-27T20:31:20.054639,S2,4,0,39.0,0.0,16.0,0.0,0.0,0.0,4
2025-12-27T20:31:30.448711,S2,4,0,39.0,0.0,16.0,0.0,0.0,0.0,4
2025-12-27T20:31:40.822688,S2,4,0,39.0,0.0,16.0,0.0,0.0,0.0,4
2025-12-27T20:31:51.195713,S2,4,0,39.0,0.0,16.0,0.0,0.0,0.0,4
2025-12-27T20:32:01.575191,S2,4,0,40.0,0.0,17.0,0.0,0.0,0.0,4
2025-12-27T20:32:11.953586,S2,4,0,40.0,0.0,17.0,0.0,0.0,0.0,4
2025-12-27T20:32:22.333857,S2,4,0,40.0,0.0,17.0,0.0,0.0,0.0,4
2025-12-27T20:32:32.698704,S2,4,0,40.0,0.0,17.0,0.0,0.0,0.0,4
2025-12-27T20:32:43.047694,S2,4,0,40.0,0.0,17.0,0.0,0.0,0.0,4
2025-12-27T20:32:53.431034,S2,4,0,40.0,0.0,17.0,0.0,0.0,0.0,4
2025-12-27T20:33:03.793930,S2,4,0,45.0,0.0,17.0,0.0,0.0,0.0,4
2025-12-27T20:33:14.153819,S2,4,0,45.0,0.0,17.0,0.0,0.0,0.0,4
2025-12-27T20:33:24.544983,S2,4,0,45.0,0.0,17.0,0.0,0.0,0.0,4
2025-12-27T20:33:34.905974,S2,4,0,45.0,0.0,17.0,0.0,0.0,0.0,4
2025-12-27T20:33:45.261827,S2,4,0,45.0,0.0,17.0,0.0,0.0,0.0,4
2025-12-27T20:33:55.630542,S2,4,0,45.0,0.0,17.0,0.0,0.0,0.0,4
2025-12-27T20:34:06.022597,S2,4,0,43.0,0.0,17.0,0.0,0.0,0.0,4
2025-12-27T20:34:16.404665,S2,4,0,43.0,0.0,17.0,0.0,0.0,0.0,4
2025-12-27T20:34:26.773923,S2,4,0,43.0,0.0,17.0,0.0,0.0,0.0,4
2025-12-27T20:34:37.130383,S2,4,0,43.0,0.0,17.0,0.0,0.0,0.0,4
2025-12-27T20:34:47.486278,S2,4,0,43.0,0.0,17.0,0.0,0.0,0.0,4
2025-12-27T20:34:57.852640,S2,5,0,43.0,0.0,17.0,0.0,0.0,0.0,5
2025-12-27T20:35:08.220958,S2,5,0,41.0,0.0,19.0,0.0,0.0,0.0,5
2025-12-27T20:35:18.587656,S2,5,0,41.0,0.0,19.0,0.0,0.0,0.0,5
2025-12-27T20:35:28.941243,S2,5,0,41.0,0.0,19.0,0.0,0.0,0.0,5
2025-12-27T20:35:39.341380,S2,5,0,41.0,0.0,19.0,0.0,0.0,0.0,5
2025-12-27T20:35:49.729443,S2,5,0,41.0,0.0,19.0,0.0,0.0,0.0,5
2025-12-27T20:36:00.101015,S2,5,0,40.0,0.0,20.0,0.0,0.0,0.0,5
2025-12-27T20:36:10.481110,S2,5,0,40.0,0.0,20.0,0.0,0.0,0.0,5
2025-12-27T20:36:20.857969,S2,5,0,40.0,0.0,20.0,0.0,0.0,0.0,5
2025-12-27T20:36:31.342589,S2,5,0,40.0,0.0,20.0,0.0,0.0,0.0,5
2025-12-27T20:36:41.711010,S2,5,0,40.0,0.0,20.0,0.0,0.0,0.0,5
2025-12-27T20:36:52.085881,S2,5,0,40.0,0.0,20.0,0.0,0.0,0.0,5
2025-12-27T20:37:02.467830,S2,5,0,42.0,0.0,21.0,0.0,0.0,0.0,5
2025-12-27T20:37:12.870931,S2,5,0,42.0,0.0,21.0,0.0,0.0,0.0,5
2025-12-27T20:37:23.247764,S2,5,0,42.0,0.0,21.0,0.0,0.0,0.0,5
2025-12-27T20:37:33.632150,S2,5,0,42.0,0.0,21.0,0.0,0.0,0.0,5
2025-12-27T20:37:43.992536,S2,5,0,42.0,0.0,21.0,0.0,0.0,0.0,5
2025-12-27T20:37:54.386821,S2,5,0,42.0,0.0,21.0,0.0,0.0,0.0,5
2025-12-27T20:38:04.782127,S2,5,0,46.0,0.0,22.0,0.0,0.0,0.0,5
2025-12-27T20:38:15.162937,S2,5,0,46.0,0.0,22.0,0.0,0.0,0.0,5
2025-12-27T20:38:25.544024,S2,5,0,46.0,0.0,22.0,0.0,0.0,0.0,5
2025-12-27T20:38:35.932370,S2,5,0,46.0,0.0,22.0,0.0,0.0,0.0,5
2025-12-27T20:38:46.320675,S2,5,0,46.0,0.0,22.0,0.0,0.0,0.0,5
2025-12-27T20:38:56.715481,S2,5,0,46.0,0.0,22.0,0.0,0.0,0.0,5
2025-12-27T20:39:07.115528,S2,5,0,51.0,0.0,22.0,0.0,0.0,0.0,5
2025-12-27T20:39:17.501598,S2,5,0,51.0,0.0,22.0,0.0,0.0,0.0,5
2025-12-27T20:39:27.856761,S2,5,0,51.0,0.0,22.0,0.0,0.0,0.0,5
2025-12-27T20:39:38.240212,S2,5,0,51.0,0.0,22.0,0.0,0.0,0.0,5
2025-12-27T20:39:48.633736,S2,5,0,51.0,0.0,22.0,0.0,0.0,0.0,5
2025-12-27T20:39:59.060571,S2,5,0,51.0,0.0,22.0,0.0,0.0,0.0,5
2025-12-27T20:40:09.441134,S2,5,0,55.0,0.0,27.0,0.0,0.0,0.0,5
2025-12-27T20:40:19.826393,S2,5,0,55.0,0.0,27.0,0.0,0.0,0.0,5
2025-12-27T20:40:30.188731,S2,5,0,55.0,0.0,27.0,0.0,0.0,0.0,5
2025-12-27T20:40:40.587181,S2,5,0,55.0,0.0,27.0,0.0,0.0,0.0,5
2025-12-27T20:40:51.007364,S2,5,0,55.0,0.0,27.0,0.0,0.0,0.0,5
2025-12-27T20:41:01.389370,S2,5,0,52.0,0.0,20.0,0.0,0.0,0.0,5
2025-12-27T20:41:11.774694,S2,5,0,52.0,0.0,20.0,0.0,0.0,0.0,5
2025-12-27T20:41:22.151829,S2,5,0,52.0,0.0,20.0,0.0,0.0,0.0,5
2025-12-27T20:41:32.569771,S2,6,0,52.0,0.0,20.0,0.0,0.0,0.0,6
2025-12-27T20:41:42.950911,S2,6,0,52.0,0.0,20.0,0.0,0.0,0.0,6
2025-12-27T20:41:53.361886,S2,6,0,52.0,0.0,20.0,0.0,0.0,0.0,6
2025-12-27T20:42:03.768373,S2,6,0,56.0,0.0,27.0,0.0,0.0,0.0,6
2025-12-27T20:42:14.182963,S2,6,0,56.0,0.0,27.0,0.0,0.0,0.0,6
2025-12-27T20:42:24.562999,S2,6,0,56.0,0.0,27.0,0.0,0.0,0.0,6
2025-12-27T20:42:34.920379,S2,6,0,56.0,0.0,27.0,0.0,0.0,0.0,6
2025-12-27T20:42:45.321985,S2,6,0,56.0,0.0,27.0,0.0,0.0,0.0,6
2025-12-27T20:42:55.740885,S2,6,0,56.0,0.0,27.0,0.0,0.0,0.0,6
2025-12-27T20:43:06.147425,S2,6,0,56.0,0.0,25.0,0.0,0.0,0.0,6
2025-12-27T20:43:16.522789,S2,6,0,56.0,0.0,25.0,0.0,0.0,0.0,6
2025-12-27T20:43:26.913618,S2,6,0,56.0,0.0,25.0,0.0,0.0,0.0,6
2025-12-27T20:43:37.317619,S2,6,0,56.0,0.0,25.0,0.0,0.0,0.0,6
2025-12-27T20:43:47.697904,S2,6,0,56.0,0.0,25.0,0.0,0.0,0.0,6
2025-12-27T20:43:58.070775,S2,6,0,56.0,0.0,25.0,0.0,0.0,0.0,6
2025-12-27T20:44:08.476178,S2,6,0,56.0,0.0,27.0,0.0,0.0,0.0,6
2025-12-27T20:44:18.870945,S2,6,0,56.0,0.0,27.0,0.0,0.0,0.0,6
2025-12-27T20:44:29.333150,S2,6,0,56.0,0.0,27.0,0.0,0.0,0.0,6
2025-12-27T20:44:39.690755,S2,6,0,56.0,0.0,27.0,0.0,0.0,0.0,6
2025-12-27T20:44:50.057947,S2,6,0,56.0,0.0,27.0,0.0,0.0,0.0,6
2025-12-27T20:45:00.493591,S2,6,0,57.0,0.0,29.0,0.0,0.0,0.0,6
2025-12-27T20:45:10.880080,S2,6,0,57.0,0.0,29.0,0.0,0.0,0.0,6
2025-12-27T20:45:21.280251,S2,6,0,57.0,0.0,29.0,0.0,0.0,0.0,6
2025-12-27T20:45:31.674821,S2,7,0,57.0,0.0,29.0,0.0,0.0,0.0,7
2025-12-27T20:45:42.178825,S2,7,0,57.0,0.0,29.0,0.0,0.0,0.0,7
2025-12-27T20:45:52.573759,S2,7,0,57.0,0.0,29.0,0.0,0.0,0.0,7
2025-12-27T20:46:02.965744,S2,7,0,62.0,0.0,30.0,0.0,0.0,0.0,7
2025-12-27T20:46:13.371235,S2,7,0,62.0,0.0,30.0,0.0,0.0,0.0,7
2025-12-27T20:46:23.806185,S2,7,0,62.0,0.0,30.0,0.0,0.0,0.0,7
2025-12-27T20:46:34.311721,S2,7,0,62.0,0.0,30.0,0.0,0.0,0.0,7
2025-12-27T20:46:44.697992,S2,7,0,62.0,0.0,30.0,0.0,0.0,0.0,7
2025-12-27T20:46:55.107940,S2,7,0,62.0,0.0,30.0,0.0,0.0,0.0,7
2025-12-27T20:47:05.525732,S2,7,0,68.0,0.0,30.0,0.0,0.0,0.0,7
2025-12-27T20:47:15.943645,S2,7,0,68.0,0.0,30.0,0.0,0.0,0.0,7
2025-12-27T20:47:26.321257,S2,7,0,68.0,0.0,30.0,0.0,0.0,0.0,7
2025-12-27T20:47:36.744202,S2,7,0,68.0,0.0,30.0,0.0,0.0,0.0,7
2025-12-27T20:47:47.135571,S2,7,0,68.0,0.0,30.0,0.0,0.0,0.0,7
2025-12-27T20:47:57.583786,S2,7,0,68.0,0.0,30.0,0.0,0.0,0.0,7
2025-12-27T20:48:07.976316,S2,7,0,67.0,0.0,28.0,0.0,0.0,0.0,7
2025-12-27T20:48:18.372828,S2,7,0,67.0,0.0,28.0,0.0,0.0,0.0,7
2025-12-27T20:48:28.778438,S2,7,0,67.0,0.0,28.0,0.0,0.0,0.0,7
2025-12-27T20:48:39.240596,S2,7,0,67.0,0.0,28.0,0.0,0.0,0.0,7
2025-12-27T20:48:49.644247,S2,7,0,67.0,0.0,28.0,0.0,0.0,0.0,7
2025-12-27T20:49:00.028890,S2,7,0,61.0,0.0,31.0,0.0,0.0,0.0,7
2025-12-27T20:49:10.434494,S2,7,0,61.0,0.0,31.0,0.0,0.0,0.0,7
2025-12-27T20:49:20.854927,S2,7,0,61.0,0.0,31.0,0.0,0.0,0.0,7
2025-12-27T20:49:31.253956,S2,7,0,61.0,0.0,31.0,0.0,0.0,0.0,7
2025-12-27T20:49:41.644183,S2,7,0,61.0,0.0,31.0,0.0,0.0,0.0,7
2025-12-27T20:49:52.021637,S2,7,0,61.0,0.0,31.0,0.0,0.0,0.0,7
2025-12-27T20:50:02.439718,S2,7,0,69.0,0.0,31.0,0.0,0.0,0.0,7
2025-12-27T20:50:12.857811,S2,7,0,69.0,0.0,31.0,0.0,0.0,0.0,7
2025-12-27T20:50:23.271677,S2,7,0,69.0,0.0,31.0,0.0,0.0,0.0,7
2025-12-27T20:50:33.670417,S2,8,0,69.0,0.0,31.0,0.0,0.0,0.0,8
2025-12-27T20:50:44.113645,S2,8,0,69.0,0.0,31.0,0.0,0.0,0.0,8
2025-12-27T20:50:54.493082,S2,8,0,69.0,0.0,31.0,0.0,0.0,0.0,8
2025-12-27T20:51:04.888683,S2,8,0,66.0,0.0,36.0,0.0,0.0,0.0,8
2025-12-27T20:51:15.326266,S2,8,0,66.0,0.0,36.0,0.0,0.0,0.0,8
2025-12-27T20:51:25.752460,S2,8,0,66.0,0.0,36.0,0.0,0.0,0.0,8
2025-12-27T20:51:36.210606,S2,8,0,66.0,0.0,36.0,0.0,0.0,0.0,8
2025-12-27T20:51:46.587979,S2,8,0,66.0,0.0,36.0,0.0,0.0,0.0,8
2025-12-27T20:51:57.016566,S2,8,0,66.0,0.0,36.0,0.0,0.0,0.0,8
2025-12-27T20:52:07.469611,S2,8,0,77.0,0.0,37.0,0.0,0.0,0.0,8
2025-12-27T20:52:17.870664,S2,8,0,77.0,0.0,37.0,0.0,0.0,0.0,8
2025-12-27T20:52:28.280066,S2,8,0,77.0,0.0,37.0,0.0,0.0,0.0,8
2025-12-27T20:52:39.276309,S2,8,0,77.0,0.0,37.0,0.0,0.0,0.0,8
2025-12-27T20:52:49.953340,S2,8,0,77.0,0.0,37.0,0.0,0.0,0.0,8
2025-12-27T20:53:00.398667,S2,8,0,80.0,0.0,41.0,0.0,0.0,0.0,8
2025-12-27T20:53:10.841581,S2,8,0,80.0,0.0,41.0,0.0,0.0,0.0,8
2025-12-27T20:53:21.262724,S2,8,0,80.0,0.0,41.0,0.0,0.0,0.0,8
2025-12-27T20:53:31.798234,S2,8,0,80.0,0.0,41.0,0.0,0.0,0.0,8
2025-12-27T20:53:42.230182,S2,8,0,80.0,0.0,41.0,0.0,0.0,0.0,8
2025-12-27T20:53:52.646804,S2,8,0,80.0,0.0,41.0,0.0,0.0,0.0,8
2025-12-27T20:54:03.095133,S2,8,0,85.0,0.0,38.0,0.0,0.0,0.0,8
2025-12-27T20:54:13.598604,S2,8,0,85.0,0.0,38.0,0.0,0.0,0.0,8
2025-12-27T20:54:24.026494,S2,8,0,85.0,0.0,38.0,0.0,0.0,0.0,8
2025-12-27T20:54:34.426703,S2,8,0,85.0,0.0,38.0,0.0,0.0,0.0,8
2025-12-27T20:54:44.898078,S2,8,0,85.0,0.0,38.0,0.0,0.0,0.0,8
2025-12-27T20:54:55.336622,S2,8,0,85.0,0.0,38.0,0.0,0.0,0.0,8
2025-12-27T20:55:05.773028,S2,8,0,82.0,0.0,36.0,0.0,0.0,0.0,8
2025-12-27T20:55:16.174149,S2,8,0,82.0,0.0,36.0,0.0,0.0,0.0,8
2025-12-27T20:55:26.649695,S2,8,0,82.0,0.0,36.0,0.0,0.0,0.0,8
2025-12-27T20:55:37.124004,S2,9,0,82.0,0.0,36.0,0.0,0.0,0.0,9
2025-12-27T20:55:47.560516,S2,9,0,82.0,0.0,36.0,0.0,0.0,0.0,9
2025-12-27T20:55:57.983639,S2,9,0,82.0,0.0,36.0,0.0,0.0,0.0,9
2025-12-27T20:56:08.451048,S2,9,0,85.0,0.0,39.0,0.0,0.0,0.0,9
2025-12-27T20:56:18.862411,S2,9,0,85.0,0.0,39.0,0.0,0.0,0.0,9
2025-12-27T20:56:29.332229,S2,9,0,85.0,0.0,39.0,0.0,0.0,0.0,9
2025-12-27T20:56:39.742718,S2,9,0,85.0,0.0,39.0,0.0,0.0,0.0,9
2025-12-27T20:56:50.260452,S2,9,0,85.0,0.0,39.0,0.0,0.0,0.0,9
2025-12-27T20:57:00.661142,S2,9,0,81.0,0.0,39.0,0.0,0.0,0.0,9
2025-12-27T20:57:11.063939,S2,9,0,81.0,0.0,39.0,0.0,0.0,0.0,9
2025-12-27T20:57:21.474765,S2,9,0,81.0,0.0,39.0,0.0,0.0,0.0,9
2025-12-27T20:57:31.885935,S2,9,0,81.0,0.0,39.0,0.0,0.0,0.0,9
2025-12-27T20:57:42.307573,S2,9,0,81.0,0.0,39.0,0.0,0.0,0.0,9
2025-12-27T20:57:52.753989,S2,9,0,81.0,0.0,39.0,0.0,0.0,0.0,9
2025-12-27T20:58:03.201757,S2,9,0,78.0,0.0,37.0,0.0,0.0,0.0,9
2025-12-27T20:58:13.640968,S2,9,0,78.0,0.0,37.0,0.0,0.0,0.0,9
2025-12-27T20:58:24.050104,S2,9,0,78.0,0.0,37.0,0.0,0.0,0.0,9
2025-12-27T20:58:34.463604,S2,9,0,78.0,0.0,37.0,0.0,0.0,0.0,9
2025-12-27T20:58:44.862618,S2,9,0,78.0,0.0,37.0,0.0,0.0,0.0,9
2025-12-27T20:58:55.292003,S2,9,0,78.0,0.0,37.0,0.0,0.0,0.0,9
2025-12-27T20:59:05.681542,S2,9,0,77.0,0.0,40.0,0.0,0.0,0.0,9
2025-12-27T20:59:16.141624,S2,9,0,77.0,0.0,40.0,0.0,0.0,0.0,9
2025-12-27T20:59:26.524250,S2,9,0,77.0,0.0,40.0,0.0,0.0,0.0,9
2025-12-27T20:59:36.934044,S2,9,0,77.0,0.0,40.0,0.0,0.0,0.0,9
2025-12-27T20:59:47.345646,S2,9,0,77.0,0.0,40.0,0.0,0.0,0.0,9
2025-12-27T20:59:57.739069,S2,9,0,77.0,0.0,40.0,0.0,0.0,0.0,9
2025-12-27T21:00:08.145717,S2,9,0,74.0,0.0,38.0,0.0,0.0,0.0,9
2025-12-27T21:00:18.591885,S2,9,0,74.0,0.0,38.0,0.0,0.0,0.0,9
2025-12-27T21:00:29.016488,S2,9,0,74.0,0.0,38.0,0.0,0.0,0.0,9
2025-12-27T21:00:39.502184,S2,9,0,74.0,0.0,38.0,0.0,0.0,0.0,9
2025-12-27T21:00:49.938182,S2,9,0,74.0,0.0,38.0,0.0,0.0,0.0,9
2025-12-27T21:01:00.365623,S2,9,0,79.0,0.0,40.0,0.0,0.0,0.0,9
2025-12-27T21:01:10.784776,S2,9,0,79.0,0.0,40.0,0.0,0.0,0.0,9
2025-12-27T21:01:21.210855,S2,9,0,79.0,0.0,40.0,0.0,0.0,0.0,9
2025-12-27T21:01:31.602643,S2,9,0,79.0,0.0,40.0,0.0,0.0,0.0,9
2025-12-27T21:01:42.040401,S2,9,0,79.0,0.0,40.0,0.0,0.0,0.0,9
2025-12-27T21:01:52.436046,S2,9,0,79.0,0.0,40.0,0.0,0.0,0.0,9
2025-12-27T21:02:02.850661,S2,9,0,74.0,0.0,36.0,0.0,0.0,0.0,9
2025-12-27T21:02:13.290032,S2,9,0,74.0,0.0,36.0,0.0,0.0,0.0,9
2025-12-27T21:02:23.756979,S2,9,0,74.0,0.0,36.0,0.0,0.0,0.0,9
2025-12-27T21:02:34.151864,S2,9,0,74.0,0.0,36.0,0.0,0.0,0.0,9
2025-12-27T21:02:44.617010,S2,9,0,74.0,0.0,36.0,0.0,0.0,0.0,9
2025-12-27T21:02:55.019744,S2,9,0,74.0,0.0,36.0,0.0,0.0,0.0,9
2025-12-27T21:03:05.512635,S2,9,0,77.0,0.0,36.0,0.0,0.0,0.0,9
2025-12-27T21:03:15.929053,S2,9,0,77.0,0.0,36.0,0.0,0.0,0.0,9
2025-12-27T21:03:26.362844,S2,9,0,77.0,0.0,36.0,0.0,0.0,0.0,9
2025-12-27T21:03:36.767306,S2,9,0,77.0,0.0,36.0,0.0,0.0,0.0,9
2025-12-27T21:03:47.176899,S2,9,0,77.0,0.0,36.0,0.0,0.0,0.0,9
2025-12-27T21:03:57.590149,S2,9,0,77.0,0.0,36.0,0.0,0.0,0.0,9
2025-12-27T21:04:08.024648,S2,9,0,73.0,0.0,37.0,0.0,0.0,0.0,9
2025-12-27T21:04:18.471248,S2,9,0,73.0,0.0,37.0,0.0,0.0,0.0,9
2025-12-27T21:04:28.867508,S2,9,0,73.0,0.0,37.0,0.0,0.0,0.0,9
2025-12-27T21:04:39.320096,S2,9,0,73.0,0.0,37.0,0.0,0.0,0.0,9
2025-12-27T21:04:49.716714,S2,9,0,73.0,0.0,37.0,0.0,0.0,0.0,9
2025-12-27T21:05:00.136889,S2,9,0,68.0,0.0,38.0,0.0,0.0,0.0,9
2025-12-27T21:05:10.609501,S2,9,0,68.0,0.0,38.0,0.0,0.0,0.0,9
2025-12-27T21:05:21.001580,S2,9,0,68.0,0.0,38.0,0.0,0.0,0.0,9
2025-12-27T21:05:31.403491,S2,9,0,68.0,0.0,38.0,0.0,0.0,0.0,9
2025-12-27T21:05:41.785913,S2,9,0,68.0,0.0,38.0,0.0,0.0,0.0,9
2025-12-27T21:05:52.163760,S2,9,0,68.0,0.0,38.0,0.0,0.0,0.0,9
2025-12-27T21:06:02.550925,S2,9,0,69.0,0.0,36.0,0.0,0.0,0.0,9
2025-12-27T21:06:12.953645,S2,9,0,69.0,0.0,36.0,0.0,0.0,0.0,9
2025-12-27T21:06:23.326969,S2,9,0,69.0,0.0,36.0,0.0,0.0,0.0,9
2025-12-27T21:06:33.795650,S2,9,0,69.0,0.0,36.0,0.0,0.0,0.0,9
2025-12-27T21:06:44.198258,S2,9,0,69.0,0.0,36.0,0.0,0.0,0.0,9
2025-12-27T21:06:54.574807,S2,9,0,69.0,0.0,36.0,0.0,0.0,0.0,9
2025-12-27T21:07:04.967345,S2,9,0,68.0,0.0,37.0,0.0,0.0,0.0,9
2025-12-27T21:07:15.357811,S2,9,0,68.0,0.0,37.0,0.0,0.0,0.0,9
2025-12-27T21:07:25.738081,S2,9,0,68.0,0.0,37.0,0.0,0.0,0.0,9
2025-12-27T21:07:36.141825,S2,9,0,68.0,0.0,37.0,0.0,0.0,0.0,9
2025-12-27T21:07:46.556675,S2,9,0,68.0,0.0,37.0,0.0,0.0,0.0,9
2025-12-27T21:07:56.951956,S2,9,0,68.0,0.0,37.0,0.0,0.0,0.0,9
2025-12-27T21:08:07.330915,S2,9,0,59.0,0.0,40.0,0.0,0.0,0.0,9
2025-12-27T21:08:17.719570,S2,9,0,59.0,0.0,40.0,0.0,0.0,0.0,9
2025-12-27T21:08:28.111165,S2,9,0,59.0,0.0,40.0,0.0,0.0,0.0,9
2025-12-27T21:08:38.516760,S2,9,0,59.0,0.0,40.0,0.0,0.0,0.0,9
2025-12-27T21:08:48.922874,S2,9,0,59.0,0.0,40.0,0.0,0.0,0.0,9
2025-12-27T21:08:59.336449,S2,9,0,59.0,0.0,40.0,0.0,0.0,0.0,9
2025-12-27T21:09:09.732222,S2,9,0,63.0,0.0,37.0,0.0,0.0,0.0,9
2025-12-27T21:09:20.103349,S2,9,0,63.0,0.0,37.0,0.0,0.0,0.0,9
2025-12-27T21:09:30.548034,S2,9,0,63.0,0.0,37.0,0.0,0.0,0.0,9
2025-12-27T21:09:41.019751,S2,8,0,56.0,0.0,33.0,0.0,0.0,0.0,8
2025-12-27T21:09:51.405279,S2,8,0,56.0,0.0,33.0,0.0,0.0,0.0,8
2025-12-27T21:10:01.779967,S2,8,0,55.0,0.0,37.0,0.0,0.0,0.0,8
2025-12-27T21:10:12.212349,S2,8,0,55.0,0.0,37.0,0.0,0.0,0.0,8
2025-12-27T21:10:22.601699,S2,8,0,55.0,0.0,37.0,0.0,0.0,0.0,8
2025-12-27T21:10:32.976232,S2,8,0,55.0,0.0,37.0,0.0,0.0,0.0,8
2025-12-27T21:10:43.365804,S2,8,0,55.0,0.0,37.0,0.0,0.0,0.0,8
2025-12-27T21:10:53.746471,S2,8,0,55.0,0.0,37.0,0.0,0.0,0.0,8
2025-12-27T21:11:04.161199,S2,8,0,56.0,0.0,35.0,0.0,0.0,0.0,8
2025-12-27T21:11:14.557697,S2,8,0,56.0,0.0,35.0,0.0,0.0,0.0,8
2025-12-27T21:11:24.947423,S2,8,0,56.0,0.0,35.0,0.0,0.0,0.0,8
2025-12-27T21:11:35.355049,S2,8,0,56.0,0.0,35.0,0.0,0.0,0.0,8
2025-12-27T21:11:45.807643,S2,8,0,56.0,0.0,35.0,0.0,0.0,0.0,8
2025-12-27T21:11:56.220880,S2,8,0,56.0,0.0,35.0,0.0,0.0,0.0,8
2025-12-27T21:12:06.638016,S2,8,0,51.0,0.0,32.0,0.0,0.0,0.0,8
2025-12-27T21:12:17.063023,S2,8,0,51.0,0.0,32.0,0.0,0.0,0.0,8
2025-12-27T21:12:27.466909,S2,8,0,51.0,0.0,32.0,0.0,0.0,0.0,8
2025-12-27T21:12:37.827421,S2,8,0,51.0,0.0,32.0,0.0,0.0,0.0,8
2025-12-27T21:12:48.198210,S2,8,0,51.0,0.0,32.0,0.0,0.0,0.0,8
2025-12-27T21:12:58.575974,S2,8,0,51.0,0.0,32.0,0.0,0.0,0.0,8
2025-12-27T21:13:08.952581,S2,8,0,50.0,0.0,33.0,0.0,0.0,0.0,8
2025-12-27T21:13:19.417609,S2,8,0,50.0,0.0,33.0,0.0,0.0,0.0,8
2025-12-27T21:13:29.781075,S2,8,0,50.0,0.0,33.0,0.0,0.0,0.0,8
2025-12-27T21:13:40.160994,S2,7,0,45.0,0.0,29.0,0.0,0.0,0.0,7
2025-12-27T21:13:50.538922,S2,7,0,45.0,0.0,29.0,0.0,0.0,0.0,7
2025-12-27T21:14:00.909351,S2,7,0,47.0,0.0,29.0,0.0,0.0,0.0,7
2025-12-27T21:14:11.304870,S2,7,0,47.0,0.0,29.0,0.0,0.0,0.0,7
2025-12-27T21:14:21.687458,S2,7,0,47.0,0.0,29.0,0.0,0.0,0.0,7
2025-12-27T21:14:32.062843,S2,7,0,47.0,0.0,29.0,0.0,0.0,0.0,7
2025-12-27T21:14:42.491878,S2,7,0,47.0,0.0,29.0,0.0,0.0,0.0,7
2025-12-27T21:14:52.877660,S2,7,0,47.0,0.0,29.0,0.0,0.0,0.0,7
2025-12-27T21:15:03.279865,S2,7,0,48.0,0.0,30.0,0.0,0.0,0.0,7
2025-12-27T21:15:13.664998,S2,7,0,48.0,0.0,30.0,0.0,0.0,0.0,7
2025-12-27T21:15:24.061867,S2,7,0,48.0,0.0,30.0,0.0,0.0,0.0,7
2025-12-27T21:15:34.430982,S2,7,0,48.0,0.0,30.0,0.0,0.0,0.0,7
2025-12-27T21:15:44.799800,S2,7,0,48.0,0.0,30.0,0.0,0.0,0.0,7
2025-12-27T21:15:55.205882,S2,7,0,48.0,0.0,30.0,0.0,0.0,0.0,7
2025-12-27T21:16:05.606086,S2,7,0,51.0,0.0,30.0,0.0,0.0,0.0,7
2025-12-27T21:16:16.016709,S2,7,0,51.0,0.0,30.0,0.0,0.0,0.0,7
2025-12-27T21:16:26.381500,S2,7,0,51.0,0.0,30.0,0.0,0.0,0.0,7
2025-12-27T21:16:36.752634,S2,7,0,51.0,0.0,30.0,0.0,0.0,0.0,7
2025-12-27T21:16:47.106068,S2,7,0,51.0,0.0,30.0,0.0,0.0,0.0,7
2025-12-27T21:16:57.487645,S2,7,0,51.0,0.0,30.0,0.0,0.0,0.0,7
2025-12-27T21:17:07.846148,S2,6,0,39.0,0.0,24.0,0.0,0.0,0.0,6
2025-12-27T21:17:18.211776,S2,6,0,39.0,0.0,24.0,0.0,0.0,0.0,6
2025-12-27T21:17:28.578910,S2,6,0,39.0,0.0,24.0,0.0,0.0,0.0,6
2025-12-27T21:17:38.940343,S2,6,0,39.0,0.0,24.0,0.0,0.0,0.0,6
2025-12-27T21:17:49.330411,S2,6,0,39.0,0.0,24.0,0.0,0.0,0.0,6
2025-12-27T21:17:59.699716,S2,6,0,42.0,0.0,25.0,0.0,0.0,0.0,6
2025-12-27T21:18:10.062304,S2,6,0,42.0,0.0,25.0,0.0,0.0,0.0,6
2025-12-27T21:18:20.422731,S2,6,0,42.0,0.0,25.0,0.0,0.0,0.0,6
2025-12-27T21:18:30.766620,S2,6,0,42.0,0.0,25.0,0.0,0.0,0.0,6
2025-12-27T21:18:41.133669,S2,6,0,42.0,0.0,25.0,0.0,0.0,0.0,6
2025-12-27T21:18:51.502876,S2,6,0,42.0,0.0,25.0,0.0,0.0,0.0,6
2025-12-27T21:19:01.877703,S2,6,0,41.0,0.0,24.0,0.0,0.0,0.0,6
2025-12-27T21:19:12.242662,S2,6,0,41.0,0.0,24.0,0.0,0.0,0.0,6
2025-12-27T21:19:22.609513,S2,6,0,41.0,0.0,24.0,0.0,0.0,0.0,6
2025-12-27T21:19:32.990528,S2,6,0,41.0,0.0,24.0,0.0,0.0,0.0,6
2025-12-27T21:19:43.399154,S2,6,0,41.0,0.0,24.0,0.0,0.0,0.0,6
2025-12-27T21:19:53.765985,S2,6,0,41.0,0.0,24.0,0.0,0.0,0.0,6
2025-12-27T21:20:04.124349,S2,6,0,47.0,0.0,25.0,0.0,0.0,0.0,6
2025-12-27T21:20:14.517875,S2,6,0,47.0,0.0,25.0,0.0,0.0,0.0,6
2025-12-27T21:20:24.879004,S2,6,0,47.0,0.0,25.0,0.0,0.0,0.0,6
2025-12-27T21:20:35.277630,S2,6,0,47.0,0.0,25.0,0.0,0.0,0.0,6
2025-12-27T21:20:45.657889,S2,6,0,47.0,0.0,25.0,0.0,0.0,0.0,6
2025-12-27T21:20:56.071439,S2,6,0,47.0,0.0,25.0,0.0,0.0,0.0,6
2025-12-27T21:21:06.456949,S2,6,0,45.0,0.0,26.0,0.0,0.0,0.0,6
2025-12-27T21:21:16.824090,S2,6,0,45.0,0.0,26.0,0.0,0.0,0.0,6
2025-12-27T21:21:27.210147,S2,6,0,45.0,0.0,26.0,0.0,0.0,0.0,6
2025-12-27T21:21:37.581692,S2,6,0,45.0,0.0,26.0,0.0,0.0,0.0,6
2025-12-27T21:21:47.964442,S2,6,0,45.0,0.0,26.0,0.0,0.0,0.0,6
2025-12-27T21:21:58.311934,S2,6,0,45.0,0.0,26.0,0.0,0.0,0.0,6
2025-12-27T21:22:08.711972,S2,5,0,35.0,0.0,20.0,0.0,0.0,0.0,5
2025-12-27T21:22:19.109990,S2,5,0,35.0,0.0,20.0,0.0,0.0,0.0,5
2025-12-27T21:22:29.491338,S2,5,0,35.0,0.0,20.0,0.0,0.0,0.0,5
2025-12-27T21:22:39.866399,S2,5,0,35.0,0.0,20.0,0.0,0.0,0.0,5
2025-12-27T21:22:50.233133,S2,5,0,35.0,0.0,20.0,0.0,0.0,0.0,5
2025-12-27T21:23:00.582471,S2,5,0,35.0,0.0,20.0,0.0,0.0,0.0,5
2025-12-27T21:23:10.951744,S2,5,0,35.0,0.0,20.0,0.0,0.0,0.0,5
2025-12-27T21:23:21.306603,S2,5,0,35.0,0.0,20.0,0.0,0.0,0.0,5
2025-12-27T21:23:31.668538,S2,5,0,35.0,0.0,20.0,0.0,0.0,0.0,5
2025-12-27T21:23:42.038213,S2,5,0,35.0,0.0,20.0,0.0,0.0,0.0,5
2025-12-27T21:23:52.399142,S2,5,0,35.0,0.0,20.0,0.0,0.0,0.0,5
2025-12-27T21:24:02.757633,S2,5,0,39.0,0.0,23.0,0.0,0.0,0.0,5
2025-12-27T21:24:13.111316,S2,5,0,39.0,0.0,23.0,0.0,0.0,0.0,5
2025-12-27T21:24:23.462897,S2,5,0,39.0,0.0,23.0,0.0,0.0,0.0,5
2025-12-27T21:24:33.812050,S2,5,0,39.0,0.0,23.0,0.0,0.0,0.0,5
2025-12-27T21:24:44.163097,S2,5,0,39.0,0.0,23.0,0.0,0.0,0.0,5
2025-12-27T21:24:54.519641,S2,5,0,39.0,0.0,23.0,0.0,0.0,0.0,5
2025-12-27T21:25:04.866180,S2,5,0,37.0,0.0,21.0,0.0,0.0,0.0,5
2025-12-27T21:25:15.239519,S2,5,0,37.0,0.0,21.0,0.0,0.0,0.0,5
2025-12-27T21:25:25.583442,S2,5,0,37.0,0.0,21.0,0.0,0.0,0.0,5
2025-12-27T21:25:35.960653,S2,5,0,37.0,0.0,21.0,0.0,0.0,0.0,5
2025-12-27T21:25:46.329769,S2,5,0,37.0,0.0,21.0,0.0,0.0,0.0,5
2025-12-27T21:25:56.688340,S2,5,0,37.0,0.0,21.0,0.0,0.0,0.0,5
2025-12-27T21:26:07.071037,S2,5,0,36.0,0.0,22.0,0.0,0.0,0.0,5
2025-12-27T21:26:17.420170,S2,5,0,36.0,0.0,22.0,0.0,0.0,0.0,5
2025-12-27T21:26:27.756322,S2,5,0,36.0,0.0,22.0,0.0,0.0,0.0,5
2025-12-27T21:26:38.142041,S2,5,0,36.0,0.0,22.0,0.0,0.0,0.0,5
2025-12-27T21:26:48.511559,S2,5,0,36.0,0.0,22.0,0.0,0.0,0.0,5
2025-12-27T21:26:58.855147,S2,5,0,36.0,0.0,22.0,0.0,0.0,0.0,5
2025-12-27T21:27:09.212994,S2,5,0,32.0,0.0,20.0,0.0,0.0,0.0,5
2025-12-27T21:27:19.581920,S2,5,0,32.0,0.0,20.0,0.0,0.0,0.0,5
2025-12-27T21:27:29.924463,S2,5,0,32.0,0.0,20.0,0.0,0.0,0.0,5
2025-12-27T21:27:40.281526,S2,5,0,32.0,0.0,20.0,0.0,0.0,0.0,5
2025-12-27T21:27:50.621970,S2,5,0,32.0,0.0,20.0,0.0,0.0,0.0,5
2025-12-27T21:28:00.968056,S2,5,0,34.0,0.0,22.0,0.0,0.0,0.0,5
2025-12-27T21:28:11.306152,S2,5,0,34.0,0.0,22.0,0.0,0.0,0.0,5
2025-12-27T21:28:21.663332,S2,5,0,34.0,0.0,22.0,0.0,0.0,0.0,5
2025-12-27T21:28:32.001563,S2,5,0,34.0,0.0,22.0,0.0,0.0,0.0,5
2025-12-27T21:28:42.358950,S2,5,0,34.0,0.0,22.0,0.0,0.0,0.0,5
2025-12-27T21:28:52.723773,S2,5,0,34.0,0.0,22.0,0.0,0.0,0.0,5
2025-12-27T21:29:03.061501,S2,5,0,32.0,0.0,22.0,0.0,0.0,0.0,5
2025-12-27T21:29:13.398923,S2,5,0,32.0,0.0,22.0,0.0,0.0,0.0,5
2025-12-27T21:29:23.752076,S2,5,0,32.0,0.0,22.0,0.0,0.0,0.0,5
2025-12-27T21:29:34.090469,S2,5,0,32.0,0.0,22.0,0.0,0.0,0.0,5
2025-12-27T21:29:44.455994,S2,5,0,32.0,0.0,22.0,0.0,0.0,0.0,5
2025-12-27T21:29:54.804408,S2,5,0,32.0,0.0,22.0,0.0,0.0,0.0,5
2025-12-27T21:30:05.158041,S2,5,0,24.0,0.0,21.0,0.0,0.0,0.0,5
2025-12-27T21:30:15.508929,S2,4,0,19.0,0.0,17.0,0.0,0.0,0.0,4
2025-12-27T21:30:25.869069,S2,4,0,19.0,0.0,17.0,0.0,0.0,0.0,4
2025-12-27T21:30:36.216193,S2,4,0,19.0,0.0,17.0,0.0,0.0,0.0,4
2025-12-27T21:30:46.560704,S2,4,0,19.0,0.0,17.0,0.0,0.0,0.0,4
2025-12-27T21:30:56.935041,S2,4,0,19.0,0.0,17.0,0.0,0.0,0.0,4
2025-12-27T21:31:07.277583,S2,4,0,24.0,0.0,18.0,0.0,0.0,0.0,4
2025-12-27T21:31:17.627051,S2,4,0,24.0,0.0,18.0,0.0,0.0,0.0,4
2025-12-27T21:31:27.971865,S2,4,0,24.0,0.0,18.0,0.0,0.0,0.0,4
2025-12-27T21:31:38.321064,S2,4,0,24.0,0.0,18.0,0.0,0.0,0.0,4
2025-12-27T21:31:48.674952,S2,4,0,24.0,0.0,18.0,0.0,0.0,0.0,4
2025-12-27T21:31:59.061007,S2,4,0,24.0,0.0,18.0,0.0,0.0,0.0,4
2025-12-27T21:32:09.416708,S2,4,0,23.0,0.0,20.0,0.0,0.0,0.0,4
2025-12-27T21:32:19.762583,S2,4,0,23.0,0.0,20.0,0.0,0.0,0.0,4
2025-12-27T21:32:30.143641,S2,4,0,23.0,0.0,20.0,0.0,0.0,0.0,4
2025-12-27T21:32:40.493901,S2,4,0,23.0,0.0,20.0,0.0,0.0,0.0,4
2025-12-27T21:32:50.864344,S2,4,0,23.0,0.0,20.0,0.0,0.0,0.0,4
2025-12-27T21:33:01.221716,S2,4,0,22.0,0.0,18.0,0.0,0.0,0.0,4
2025-12-27T21:33:11.561642,S2,4,0,22.0,0.0,18.0,0.0,0.0,0.0,4
2025-12-27T21:33:21.911781,S2,4,0,22.0,0.0,18.0,0.0,0.0,0.0,4
2025-12-27T21:33:32.285433,S2,4,0,22.0,0.0,18.0,0.0,0.0,0.0,4
2025-12-27T21:33:42.633066,S2,3,0,12.0,0.0,14.0,0.0,0.0,0.0,3
2025-12-27T21:33:52.991707,S2,3,0,12.0,0.0,14.0,0.0,0.0,0.0,3
2025-12-27T21:34:03.339538,S2,3,0,15.0,0.0,14.0,0.0,0.0,0.0,3
2025-12-27T21:34:13.677232,S2,3,0,15.0,0.0,14.0,0.0,0.0,0.0,3
2025-12-27T21:34:24.041109,S2,3,0,15.0,0.0,14.0,0.0,0.0,0.0,3
2025-12-27T21:34:34.390050,S2,3,0,15.0,0.0,14.0,0.0,0.0,0.0,3
2025-12-27T21:34:44.726041,S2,3,0,15.0,0.0,14.0,0.0,0.0,0.0,3
2025-12-27T21:34:55.089828,S2,3,0,15.0,0.0,14.0,0.0,0.0,0.0,3
2025-12-27T21:35:05.470125,S2,3,0,16.0,0.0,12.0,0.0,0.0,0.0,3
2025-12-27T21:35:15.805177,S2,3,0,16.0,0.0,12.0,0.0,0.0,0.0,3
2025-12-27T21:35:26.157992,S2,3,0,16.0,0.0,12.0,0.0,0.0,0.0,3
2025-12-27T21:35:36.506049,S2,3,0,16.0,0.0,12.0,0.0,0.0,0.0,3
2025-12-27T21:35:46.844195,S2,3,0,16.0,0.0,12.0,0.0,0.0,0.0,3
2025-12-27T21:35:57.175852,S2,3,0,16.0,0.0,12.0,0.0,0.0,0.0,3
2025-12-27T21:36:07.538665,S2,3,0,14.0,0.0,13.0,0.0,0.0,0.0,3
2025-12-27T21:36:17.865623,S2,3,0,14.0,0.0,13.0,0.0,0.0,0.0,3
2025-12-27T21:36:28.207630,S2,3,0,14.0,0.0,13.0,0.0,0.0,0.0,3
2025-12-27T21:36:38.582545,S2,3,0,14.0,0.0,13.0,0.0,0.0,0.0,3
2025-12-27T21:36:48.933262,S2,3,0,14.0,0.0,13.0,0.0,0.0,0.0,3
2025-12-27T21:36:59.278832,S2,3,0,14.0,0.0,13.0,0.0,0.0,0.0,3
2025-12-27T21:37:09.623041,S2,3,0,13.0,0.0,12.0,0.0,0.0,0.0,3
2025-12-27T21:37:19.967142,S2,3,0,13.0,0.0,12.0,0.0,0.0,0.0,3
2025-12-27T21:37:30.307722,S2,3,0,13.0,0.0,12.0,0.0,0.0,0.0,3
2025-12-27T21:37:40.651062,S2,3,0,13.0,0.0,12.0,0.0,0.0,0.0,3
2025-12-27T21:37:50.988089,S2,3,0,13.0,0.0,12.0,0.0,0.0,0.0,3
2025-12-27T21:38:01.334647,S2,3,0,12.0,0.0,13.0,0.0,0.0,0.0,3
2025-12-27T21:38:11.706525,S2,2,0,8.0,0.0,9.0,0.0,0.0,0.0,2
2025-12-27T21:38:22.040595,S2,2,0,8.0,0.0,9.0,0.0,0.0,0.0,2
2025-12-27T21:38:32.366232,S2,2,0,8.0,0.0,9.0,0.0,0.0,0.0,2
2025-12-27T21:38:42.712087,S2,2,0,8.0,0.0,9.0,0.0,0.0,0.0,2
2025-12-27T21:38:53.074675,S2,2,0,8.0,0.0,9.0,0.0,0.0,0.0,2
2025-12-27T21:39:03.407987,S2,2,0,11.0,0.0,9.0,0.0,0.0,0.0,2
2025-12-27T21:39:13.743304,S2,2,0,11.0,0.0,9.0,0.0,0.0,0.0,2
2025-12-27T21:39:24.070956,S2,2,0,11.0,0.0,9.0,0.0,0.0,0.0,2
2025-12-27T21:39:34.400889,S2,2,0,11.0,0.0,9.0,0.0,0.0,0.0,2
2025-12-27T21:39:44.740166,S2,2,0,11.0,0.0,9.0,0.0,0.0,0.0,2
2025-12-27T21:39:55.075180,S2,2,0,11.0,0.0,9.0,0.0,0.0,0.0,2
2025-12-27T21:40:05.411033,S2,2,0,12.0,0.0,9.0,0.0,0.0,0.0,2
2025-12-27T21:40:15.749394,S2,2,0,12.0,0.0,9.0,0.0,0.0,0.0,2
2025-12-27T21:40:26.110616,S2,2,0,12.0,0.0,9.0,0.0,0.0,0.0,2
2025-12-27T21:40:36.444429,S2,2,0,12.0,0.0,9.0,0.0,0.0,0.0,2
2025-12-27T21:40:46.767392,S2,2,0,12.0,0.0,9.0,0.0,0.0,0.0,2
2025-12-27T21:40:57.111784,S2,2,0,12.0,0.0,9.0,0.0,0.0,0.0,2
2025-12-27T21:41:07.432287,S2,2,0,8.0,0.0,9.0,0.0,0.0,0.0,2
2025-12-27T21:41:17.759058,S2,2,0,8.0,0.0,9.0,0.0,0.0,0.0,2
2025-12-27T21:41:28.077833,S2,2,0,8.0,0.0,9.0,0.0,0.0,0.0,2
2025-12-27T21:41:38.405470,S2,2,0,8.0,0.0,9.0,0.0,0.0,0.0,2
2025-12-27T21:41:48.771947,S2,2,0,8.0,0.0,9.0,0.0,0.0,0.0,2
2025-12-27T21:41:59.116102,S2,2,0,8.0,0.0,9.0,0.0,0.0,0.0,2
2025-12-27T21:42:09.440983,S2,2,0,7.0,0.0,8.0,0.0,0.0,0.0,2
2025-12-27T21:42:19.778782,S2,2,0,7.0,0.0,8.0,0.0,0.0,0.0,2
2025-12-27T21:42:30.110196,S2,2,0,7.0,0.0,8.0,0.0,0.0,0.0,2
2025-12-27T21:42:40.430890,S2,2,0,7.0,0.0,8.0,0.0,0.0,0.0,2
2025-12-27T21:42:50.772921,S2,2,0,7.0,0.0,8.0,0.0,0.0,0.0,2
2025-12-27T21:43:01.100336,S2,2,0,7.0,0.0,8.0,0.0,0.0,0.0,2
2025-12-27T21:43:11.440190,S2,2,0,7.0,0.0,8.0,0.0,0.0,0.0,2
2025-12-27T21:43:21.770514,S2,2,0,7.0,0.0,8.0,0.0,0.0,0.0,2
2025-12-27T21:43:32.093787,S2,2,0,7.0,0.0,8.0,0.0,0.0,0.0,2
2025-12-27T21:43:42.440264,S2,2,0,7.0,0.0,8.0,0.0,0.0,0.0,2
2025-12-27T21:43:52.764614,S2,2,0,7.0,0.0,8.0,0.0,0.0,0.0,2
2025-12-27T21:44:03.091275,S2,2,0,7.0,0.0,8.0,0.0,0.0,0.0,2
2025-12-27T21:44:13.413894,S2,2,0,7.0,0.0,8.0,0.0,0.0,0.0,2
2025-12-27T21:44:23.741814,S2,2,0,7.0,0.0,8.0,0.0,0.0,0.0,2
2025-12-27T21:44:34.070401,S2,2,0,7.0,0.0,8.0,0.0,0.0,0.0,2
2025-12-27T21:44:44.401860,S2,2,0,7.0,0.0,8.0,0.0,0.0,0.0,2
2025-12-27T21:44:54.719889,S2,2,0,7.0,0.0,8.0,0.0,0.0,0.0,2
2025-12-27T21:45:05.036602,S2,2,0,8.0,0.0,8.0,0.0,0.0,0.0,2
2025-12-27T21:45:15.361969,S2,2,0,8.0,0.0,8.0,0.0,0.0,0.0,2
2025-12-27T21:45:25.694692,S2,2,0,8.0,0.0,8.0,0.0,0.0,0.0,2
2025-12-27T21:45:36.050364,S2,2,0,8.0,0.0,8.0,0.0,0.0,0.0,2
2025-12-27T21:45:46.387669,S2,2,0,8.0,0.0,8.0,0.0,0.0,0.0,2
2025-12-27T21:45:56.721556,S2,2,0,8.0,0.0,8.0,0.0,0.0,0.0,2
2025-12-27T21:46:07.052874,S2,2,0,8.0,0.0,8.0,0.0,0.0,0.0,2
2025-12-27T21:46:17.389602,S2,2,0,8.0,0.0,8.0,0.0,0.0,0.0,2
2025-12-27T21:46:27.717702,S2,2,0,8.0,0.0,8.0,0.0,0.0,0.0,2
2025-12-27T21:46:38.042073,S2,2,0,8.0,0.0,8.0,0.0,0.0,0.0,2
2025-12-27T21:46:48.390821,S2,2,0,8.0,0.0,8.0,0.0,0.0,0.0,2
2025-12-27T21:46:58.720974,S2,2,0,8.0,0.0,8.0,0.0,0.0,0.0,2
2025-12-27T21:47:09.057593,S2,2,0,6.0,0.0,8.0,0.0,0.0,0.0,2
2025-12-27T21:47:19.392130,S2,2,0,6.0,0.0,8.0,0.0,0.0,0.0,2
2025-12-27T21:47:29.720704,S2,2,0,6.0,0.0,8.0,0.0,0.0,0.0,2
2025-12-27T21:47:40.051927,S2,2,0,6.0,0.0,8.0,0.0,0.0,0.0,2
2025-12-27T21:47:50.373803,S2,2,0,6.0,0.0,8.0,0.0,0.0,0.0,2
2025-12-27T21:48:00.699218,S2,2,0,5.0,0.0,8.0,0.0,0.0,0.0,2
2025-12-27T21:48:11.033457,S2,2,0,5.0,0.0,8.0,0.0,0.0,0.0,2
2025-12-27T21:48:21.365586,S2,2,0,5.0,0.0,8.0,0.0,0.0,0.0,2
2025-12-27T21:48:31.693003,S2,2,0,5.0,0.0,8.0,0.0,0.0,0.0,2
2025-12-27T21:48:42.015254,S2,2,0,5.0,0.0,8.0,0.0,0.0,0.0,2
2025-12-27T21:48:52.336839,S2,2,0,5.0,0.0,8.0,0.0,0.0,0.0,2
2025-12-27T21:49:02.670955,S2,2,0,4.0,0.0,8.0,0.0,0.0,0.0,2
2025-12-27T21:49:13.000296,S2,2,0,4.0,0.0,8.0,0.0,0.0,0.0,2
2025-12-27T21:49:23.322140,S2,2,0,4.0,0.0,8.0,0.0,0.0,0.0,2
2025-12-27T21:49:33.641438,S2,2,0,4.0,0.0,8.0,0.0,0.0,0.0,2
2025-12-27T21:49:43.955726,S2,2,0,4.0,0.0,8.0,0.0,0.0,0.0,2
2025-12-27T21:49:54.291137,S2,2,0,4.0,0.0,8.0,0.0,0.0,0.0,2
2025-12-27T21:50:04.618952,S2,2,0,2.0,0.0,8.0,0.0,0.0,0.0,2
2025-12-27T21:50:14.941349,S2,1,0,1.0,0.0,4.0,0.0,0.0,0.0,1
2025-12-27T21:50:25.261136,S2,1,0,1.0,0.0,4.0,0.0,0.0,0.0,1
2025-12-27T21:50:35.589946,S2,1,0,1.0,0.0,4.0,0.0,0.0,0.0,1
2025-12-27T21:50:45.932325,S2,1,0,1.0,0.0,4.0,0.0,0.0,0.0,1
