timestamp,scen,origin_pods,cache_pods,origin_cpu_mcores,cache_cpu_mcores,origin_mem_MiB,cache_mem_MiB,throughput_rps,cache_hit_ratio,current_replicas
2025-12-29T13:44:33.822364,S4,1,1,0.0,1.0,4.0,8.0,0.0,0.0,2
2025-12-29T13:44:44.248632,S4,1,1,0.0,1.0,4.0,8.0,0.0,0.0,2
2025-12-29T13:44:54.682415,S4,1,1,0.0,1.0,4.0,8.0,0.0,0.0,2
2025-12-29T13:45:05.091039,S4,1,1,0.0,1.0,4.0,8.0,0.0,0.0,2
2025-12-29T13:45:15.499983,S4,1,1,0.0,1.0,4.0,8.0,0.0,0.0,2
2025-12-29T13:45:25.909704,S4,1,1,0.0,1.0,4.0,8.0,0.0,0.0,2
2025-12-29T13:45:36.309856,S4,1,1,0.0,1.0,4.0,8.0,0.0,0.0,2
2025-12-29T13:45:46.710239,S4,1,1,0.0,1.0,4.0,8.0,0.0,0.0,2
2025-12-29T13:45:57.120252,S4,1,1,0.0,1.0,4.0,8.0,0.0,0.0,2
2025-12-29T13:46:07.533197,S4,1,1,0.0,1.0,4.0,8.0,0.0,0.0,2
2025-12-29T13:46:17.936871,S4,1,1,0.0,1.0,4.0,8.0,0.0,0.0,2
2025-12-29T13:46:28.347749,S4,1,1,0.0,1.0,4.0,8.0,0.0,0.0,2
2025-12-29T13:46:38.758087,S4,1,1,0.0,1.0,4.0,8.0,0.0,0.0,2
2025-12-29T13:46:49.176675,S4,1,1,0.0,1.0,4.0,8.0,0.0,0.0,2
2025-12-29T13:46:59.589634,S4,1,1,0.0,1.0,4.0,8.0,0.0,0.0,2
2025-12-29T13:47:09.994705,S4,1,1,0.0,1.0,4.0,8.0,0.0,0.0,2
2025-12-29T13:47:20.392525,S4,1,1,0.0,1.0,4.0,8.0,0.0,0.0,2
2025-12-29T13:47:30.802214,S4,1,1,0.0,1.0,4.0,8.0,0.0,0.0,2
2025-12-29T13:47:41.209504,S4,1,1,0.0,1.0,4.0,8.0,0.0,0.0,2
2025-12-29T13:47:51.608946,S4,1,1,0.0,1.0,4.0,8.0,0.0,0.0,2
2025-12-29T13:48:02.017684,S4,1,1,0.0,1.0,4.0,8.0,0.0,0.0,2
2025-12-29T13:48:12.420328,S4,1,1,0.0,1.0,4.0,8.0,0.0,0.0,2
2025-12-29T13:48:22.826236,S4,1,1,0.0,1.0,4.0,8.0,0.0,0.0,2
2025-12-29T13:48:33.234123,S4,1,1,0.0,1.0,4.0,8.0,0.0,0.0,2
2025-12-29T13:48:43.632717,S4,1,1,0.0,1.0,4.0,8.0,0.0,0.0,2
2025-12-29T13:48:54.031378,S4,1,1,0.0,1.0,4.0,8.0,0.0,0.0,2
2025-12-29T13:49:04.434280,S4,1,1,0.0,1.0,4.0,8.0,0.0,0.0,2
2025-12-29T13:49:14.838549,S4,1,1,0.0,1.0,4.0,8.0,0.0,0.0,2
2025-12-29T13:49:25.241785,S4,1,1,0.0,1.0,4.0,8.0,0.0,0.0,2
2025-12-29T13:49:35.643703,S4,1,1,0.0,1.0,4.0,8.0,0.0,0.0,2
2025-12-29T13:49:46.062662,S4,1,1,0.0,1.0,4.0,8.0,0.0,0.0,2
2025-12-29T13:49:56.477468,S4,1,1,0.0,1.0,4.0,8.0,0.0,0.0,2
2025-12-29T13:50:06.900440,S4,1,1,1.0,1.0,4.0,8.0,0.0,0.0,2
2025-12-29T13:50:17.312393,S4,1,1,1.0,1.0,4.0,8.0,0.0,0.0,2
2025-12-29T13:50:27.721374,S4,1,1,1.0,1.0,4.0,8.0,0.0,0.0,2
2025-12-29T13:50:38.155929,S4,1,1,1.0,1.0,4.0,8.0,0.0,0.0,2
2025-12-29T13:50:48.569259,S4,1,1,1.0,1.0,4.0,8.0,0.0,0.0,2
2025-12-29T13:50:59.012582,S4,1,1,1.0,1.0,4.0,8.0,0.0,0.0,2
2025-12-29T13:51:09.448919,S4,1,1,1.0,2.0,4.0,8.0,0.0,0.0,2
2025-12-29T13:51:19.870446,S4,1,1,1.0,2.0,4.0,8.0,0.0,0.0,2
2025-12-29T13:51:30.282619,S4,1,1,1.0,2.0,4.0,8.0,0.0,0.0,2
2025-12-29T13:51:40.720755,S4,1,1,1.0,2.0,4.0,8.0,0.0,0.0,2
2025-12-29T13:51:51.142040,S4,1,1,1.0,2.0,4.0,8.0,0.0,0.0,2
2025-12-29T13:52:01.554737,S4,1,1,1.0,4.0,4.0,8.0,0.0,0.0,2
2025-12-29T13:52:11.968565,S4,1,1,1.0,4.0,4.0,8.0,0.0,0.0,2
2025-12-29T13:52:22.390222,S4,1,1,1.0,4.0,4.0,8.0,0.0,0.0,2
2025-12-29T13:52:32.823907,S4,1,1,1.0,4.0,4.0,8.0,0.0,0.0,2
2025-12-29T13:52:43.237951,S4,1,1,1.0,4.0,4.0,8.0,0.0,0.0,2
2025-12-29T13:52:53.650149,S4,1,1,1.0,4.0,4.0,8.0,0.0,0.0,2
2025-12-29T13:53:04.081020,S4,1,1,1.0,5.0,4.0,8.0,0.0,0.0,2
2025-12-29T13:53:14.490367,S4,1,1,1.0,5.0,4.0,8.0,0.0,0.0,2
2025-12-29T13:53:24.910369,S4,1,1,1.0,5.0,4.0,8.0,0.0,0.0,2
2025-12-29T13:53:35.310039,S4,1,1,1.0,5.0,4.0,8.0,0.0,0.0,2
2025-12-29T13:53:45.712802,S4,1,1,1.0,5.0,4.0,8.0,0.0,0.0,2
2025-12-29T13:53:56.146815,S4,1,1,1.0,5.0,4.0,8.0,0.0,0.0,2
2025-12-29T13:54:06.564025,S4,1,1,1.0,5.0,4.0,8.0,0.0,0.0,2
2025-12-29T13:54:16.981802,S4,1,1,1.0,5.0,4.0,8.0,0.0,0.0,2
2025-12-29T13:54:27.391082,S4,1,1,1.0,5.0,4.0,8.0,0.0,0.0,2
2025-12-29T13:54:37.797907,S4,1,1,1.0,5.0,4.0,8.0,0.0,0.0,2
2025-12-29T13:54:48.225811,S4,1,1,1.0,5.0,4.0,8.0,0.0,0.0,2
2025-12-29T13:54:58.645321,S4,1,1,1.0,5.0,4.0,8.0,0.0,0.0,2
2025-12-29T13:55:09.073602,S4,1,1,1.0,7.0,4.0,8.0,0.0,0.0,2
2025-12-29T13:55:19.489550,S4,1,1,1.0,7.0,4.0,8.0,0.0,0.0,2
2025-12-29T13:55:29.906892,S4,1,1,1.0,7.0,4.0,8.0,0.0,0.0,2
2025-12-29T13:55:40.302258,S4,1,1,1.0,7.0,4.0,8.0,0.0,0.0,2
2025-12-29T13:55:50.720602,S4,1,1,1.0,7.0,4.0,8.0,0.0,0.0,2
2025-12-29T13:56:01.152514,S4,1,1,1.0,6.0,4.0,8.0,0.0,0.0,2
2025-12-29T13:56:11.563466,S4,1,1,1.0,6.0,4.0,8.0,0.0,0.0,2
2025-12-29T13:56:21.980164,S4,1,1,1.0,6.0,4.0,8.0,0.0,0.0,2
2025-12-29T13:56:32.380023,S4,1,1,1.0,6.0,4.0,8.0,0.0,0.0,2
2025-12-29T13:56:42.797798,S4,1,1,1.0,6.0,4.0,8.0,0.0,0.0,2
2025-12-29T13:56:53.243871,S4,1,1,1.0,6.0,4.0,8.0,0.0,0.0,2
2025-12-29T13:57:03.663626,S4,1,1,1.0,6.0,4.0,9.0,0.0,0.0,2
2025-12-29T13:57:14.064925,S4,1,1,1.0,6.0,4.0,9.0,0.0,0.0,2
2025-12-29T13:57:24.471943,S4,1,1,1.0,6.0,4.0,9.0,0.0,0.0,2
2025-12-29T13:57:34.909818,S4,1,1,1.0,6.0,4.0,9.0,0.0,0.0,2
2025-12-29T13:57:45.322683,S4,1,1,1.0,6.0,4.0,9.0,0.0,0.0,2
2025-12-29T13:57:55.775753,S4,1,1,1.0,6.0,4.0,9.0,0.0,0.0,2
2025-12-29T13:58:06.205292,S4,1,1,1.0,8.0,4.0,8.0,0.0,0.0,2
2025-12-29T13:58:16.625630,S4,1,1,1.0,8.0,4.0,8.0,0.0,0.0,2
2025-12-29T13:58:27.049907,S4,1,1,1.0,8.0,4.0,8.0,0.0,0.0,2
2025-12-29T13:58:37.533943,S4,1,1,1.0,8.0,4.0,8.0,0.0,0.0,2
2025-12-29T13:58:47.986126,S4,1,1,1.0,8.0,4.0,8.0,0.0,0.0,2
2025-12-29T13:58:58.400430,S4,1,1,1.0,8.0,4.0,8.0,0.0,0.0,2
2025-12-29T13:59:08.804856,S4,1,1,1.0,13.0,4.0,8.0,0.0,0.0,2
2025-12-29T13:59:19.254058,S4,1,1,1.0,13.0,4.0,8.0,0.0,0.0,2
2025-12-29T13:59:29.691537,S4,1,1,1.0,13.0,4.0,8.0,0.0,0.0,2
2025-12-29T13:59:40.116244,S4,1,1,1.0,13.0,4.0,8.0,0.0,0.0,2
2025-12-29T13:59:50.531734,S4,1,1,1.0,13.0,4.0,8.0,0.0,0.0,2
2025-12-29T14:00:00.968347,S4,1,1,1.0,12.0,4.0,8.0,0.0,0.0,2
2025-12-29T14:00:11.380937,S4,1,1,1.0,12.0,4.0,8.0,0.0,0.0,2
2025-12-29T14:00:21.799741,S4,1,1,1.0,12.0,4.0,8.0,0.0,0.0,2
2025-12-29T14:00:32.210458,S4,1,1,1.0,12.0,4.0,8.0,0.0,0.0,2
2025-12-29T14:00:42.652125,S4,1,1,1.0,12.0,4.0,8.0,0.0,0.0,2
2025-12-29T14:00:53.070956,S4,1,1,1.0,12.0,4.0,8.0,0.0,0.0,2
2025-12-29T14:01:03.505813,S4,1,1,1.0,11.0,4.0,8.0,0.0,0.0,2
2025-12-29T14:01:13.932302,S4,1,1,1.0,11.0,4.0,8.0,0.0,0.0,2
2025-12-29T14:01:24.352874,S4,1,1,1.0,11.0,4.0,8.0,0.0,0.0,2
2025-12-29T14:01:34.772021,S4,1,1,1.0,11.0,4.0,8.0,0.0,0.0,2
2025-12-29T14:01:45.192077,S4,1,1,1.0,11.0,4.0,8.0,0.0,0.0,2
2025-12-29T14:01:55.611978,S4,1,1,1.0,11.0,4.0,8.0,0.0,0.0,2
2025-12-29T14:02:06.052753,S4,1,1,1.0,11.0,4.0,8.0,0.0,0.0,2
2025-12-29T14:02:16.482777,S4,1,1,1.0,11.0,4.0,8.0,0.0,0.0,2
2025-12-29T14:02:26.921770,S4,1,1,1.0,11.0,4.0,8.0,0.0,0.0,2
2025-12-29T14:02:37.345428,S4,1,1,1.0,11.0,4.0,8.0,0.0,0.0,2
2025-12-29T14:02:47.767562,S4,1,1,1.0,11.0,4.0,8.0,0.0,0.0,2
2025-12-29T14:02:58.176190,S4,1,1,1.0,11.0,4.0,8.0,0.0,0.0,2
2025-12-29T14:03:08.597912,S4,1,1,1.0,11.0,4.0,8.0,0.0,0.0,2
2025-12-29T14:03:19.036894,S4,1,1,1.0,11.0,4.0,8.0,0.0,0.0,2
2025-12-29T14:03:29.478302,S4,1,1,1.0,11.0,4.0,8.0,0.0,0.0,2
2025-12-29T14:03:39.890281,S4,1,1,1.0,11.0,4.0,8.0,0.0,0.0,2
2025-12-29T14:03:50.311662,S4,1,1,1.0,11.0,4.0,8.0,0.0,0.0,2
2025-12-29T14:04:00.737993,S4,1,1,1.0,12.0,4.0,8.0,0.0,0.0,2
2025-12-29T14:04:11.142073,S4,1,1,1.0,12.0,4.0,8.0,0.0,0.0,2
2025-12-29T14:04:21.551996,S4,1,1,1.0,12.0,4.0,8.0,0.0,0.0,2
2025-12-29T14:04:31.971613,S4,1,1,1.0,12.0,4.0,8.0,0.0,0.0,2
2025-12-29T14:04:42.390584,S4,1,1,1.0,12.0,4.0,8.0,0.0,0.0,2
2025-12-29T14:04:52.804695,S4,1,1,1.0,12.0,4.0,8.0,0.0,0.0,2
2025-12-29T14:05:03.237653,S4,1,1,1.0,15.0,4.0,8.0,0.0,0.0,2
2025-12-29T14:05:13.650326,S4,1,1,1.0,15.0,4.0,8.0,0.0,0.0,2
2025-12-29T14:05:24.084132,S4,1,1,1.0,15.0,4.0,8.0,0.0,0.0,2
2025-12-29T14:05:34.497295,S4,1,1,1.0,15.0,4.0,8.0,0.0,0.0,2
2025-12-29T14:05:44.922973,S4,1,1,1.0,15.0,4.0,8.0,0.0,0.0,2
2025-12-29T14:05:55.370048,S4,1,1,1.0,15.0,4.0,8.0,0.0,0.0,2
2025-12-29T14:06:05.793849,S4,1,1,1.0,20.0,4.0,10.0,0.0,0.0,2
2025-12-29T14:06:16.238022,S4,1,1,1.0,20.0,4.0,10.0,0.0,0.0,2
2025-12-29T14:06:26.678909,S4,1,1,1.0,20.0,4.0,10.0,0.0,0.0,2
2025-12-29T14:06:37.110286,S4,1,1,1.0,20.0,4.0,10.0,0.0,0.0,2
2025-12-29T14:06:47.541435,S4,1,1,1.0,20.0,4.0,10.0,0.0,0.0,2
2025-12-29T14:06:57.971509,S4,1,1,1.0,20.0,4.0,10.0,0.0,0.0,2
2025-12-29T14:07:08.438067,S4,1,1,1.0,19.0,4.0,8.0,0.0,0.0,2
2025-12-29T14:07:18.864061,S4,1,1,1.0,19.0,4.0,8.0,0.0,0.0,2
2025-12-29T14:07:29.334619,S4,1,1,1.0,19.0,4.0,8.0,0.0,0.0,2
2025-12-29T14:07:39.775009,S4,1,1,1.0,19.0,4.0,8.0,0.0,0.0,2
2025-12-29T14:07:50.210736,S4,1,1,1.0,19.0,4.0,8.0,0.0,0.0,2
2025-12-29T14:08:00.664036,S4,1,1,1.0,23.0,4.0,8.0,0.0,0.0,2
2025-12-29T14:08:11.112001,S4,1,1,1.0,23.0,4.0,8.0,0.0,0.0,2
2025-12-29T14:08:21.532263,S4,1,1,1.0,23.0,4.0,8.0,0.0,0.0,2
2025-12-29T14:08:31.952753,S4,1,1,1.0,23.0,4.0,8.0,0.0,0.0,2
2025-12-29T14:08:42.382674,S4,1,1,1.0,23.0,4.0,8.0,0.0,0.0,2
2025-12-29T14:08:52.804767,S4,1,1,1.0,23.0,4.0,8.0,0.0,0.0,2
2025-12-29T14:09:03.229967,S4,1,1,1.0,18.0,4.0,8.0,0.0,0.0,2
2025-12-29T14:09:13.646628,S4,1,1,1.0,18.0,4.0,8.0,0.0,0.0,2
2025-12-29T14:09:24.085979,S4,1,1,1.0,18.0,4.0,8.0,0.0,0.0,2
2025-12-29T14:09:34.521992,S4,1,1,1.0,18.0,4.0,8.0,0.0,0.0,2
2025-12-29T14:09:44.956584,S4,1,1,1.0,18.0,4.0,8.0,0.0,0.0,2
2025-12-29T14:09:55.381648,S4,1,1,1.0,18.0,4.0,8.0,0.0,0.0,2
2025-12-29T14:10:05.809397,S4,1,1,1.0,17.0,4.0,8.0,0.0,0.0,2
2025-12-29T14:10:16.251487,S4,1,1,1.0,17.0,4.0,8.0,0.0,0.0,2
2025-12-29T14:10:26.678195,S4,1,1,1.0,17.0,4.0,8.0,0.0,0.0,2
2025-12-29T14:10:37.123266,S4,1,1,1.0,17.0,4.0,8.0,0.0,0.0,2
2025-12-29T14:10:47.544231,S4,1,1,1.0,17.0,4.0,8.0,0.0,0.0,2
2025-12-29T14:10:57.971420,S4,1,1,1.0,17.0,4.0,8.0,0.0,0.0,2
2025-12-29T14:11:08.389555,S4,1,1,1.0,20.0,4.0,8.0,0.0,0.0,2
2025-12-29T14:11:18.811497,S4,1,1,1.0,20.0,4.0,8.0,0.0,0.0,2
2025-12-29T14:11:29.274825,S4,1,1,1.0,20.0,4.0,8.0,0.0,0.0,2
2025-12-29T14:11:39.720895,S4,1,1,1.0,20.0,4.0,8.0,0.0,0.0,2
2025-12-29T14:11:50.152401,S4,1,1,1.0,20.0,4.0,8.0,0.0,0.0,2
2025-12-29T14:12:00.590385,S4,1,1,1.0,22.0,4.0,8.0,0.0,0.0,2
2025-12-29T14:12:11.030735,S4,1,1,1.0,22.0,4.0,8.0,0.0,0.0,2
2025-12-29T14:12:21.461975,S4,1,1,1.0,22.0,4.0,8.0,0.0,0.0,2
2025-12-29T14:12:31.901557,S4,1,1,1.0,22.0,4.0,8.0,0.0,0.0,2
2025-12-29T14:12:42.321477,S4,1,1,1.0,22.0,4.0,8.0,0.0,0.0,2
2025-12-29T14:12:52.761658,S4,1,1,1.0,22.0,4.0,8.0,0.0,0.0,2
2025-12-29T14:13:03.193554,S4,1,1,1.0,28.0,4.0,9.0,0.0,0.0,2
2025-12-29T14:13:13.623069,S4,1,1,1.0,28.0,4.0,9.0,0.0,0.0,2
2025-12-29T14:13:24.046575,S4,1,1,1.0,28.0,4.0,9.0,0.0,0.0,2
2025-12-29T14:13:34.501792,S4,1,1,1.0,28.0,4.0,9.0,0.0,0.0,2
2025-12-29T14:13:44.924667,S4,1,1,1.0,28.0,4.0,9.0,0.0,0.0,2
2025-12-29T14:13:55.352517,S4,1,1,1.0,28.0,4.0,9.0,0.0,0.0,2
2025-12-29T14:14:05.783001,S4,1,1,1.0,28.0,4.0,9.0,0.0,0.0,2
2025-12-29T14:14:16.207671,S4,1,1,1.0,28.0,4.0,9.0,0.0,0.0,2
2025-12-29T14:14:26.639147,S4,1,1,1.0,28.0,4.0,9.0,0.0,0.0,2
2025-12-29T14:14:37.093731,S4,1,1,1.0,28.0,4.0,9.0,0.0,0.0,2
2025-12-29T14:14:47.533877,S4,1,1,1.0,28.0,4.0,9.0,0.0,0.0,2
2025-12-29T14:14:57.973611,S4,1,1,1.0,28.0,4.0,9.0,0.0,0.0,2
2025-12-29T14:15:08.422723,S4,1,1,1.0,24.0,4.0,8.0,0.0,0.0,2
2025-12-29T14:15:18.857820,S4,1,1,1.0,24.0,4.0,8.0,0.0,0.0,2
2025-12-29T14:15:29.340127,S4,1,1,1.0,24.0,4.0,8.0,0.0,0.0,2
2025-12-29T14:15:39.775651,S4,1,1,1.0,24.0,4.0,8.0,0.0,0.0,2
2025-12-29T14:15:50.231437,S4,1,1,1.0,24.0,4.0,8.0,0.0,0.0,2
2025-12-29T14:16:00.652080,S4,1,1,1.0,29.0,4.0,8.0,0.0,0.0,2
2025-12-29T14:16:11.093716,S4,1,1,1.0,29.0,4.0,8.0,0.0,0.0,2
2025-12-29T14:16:21.553024,S4,1,1,1.0,29.0,4.0,8.0,0.0,0.0,2
2025-12-29T14:16:31.986688,S4,1,1,1.0,29.0,4.0,8.0,0.0,0.0,2
2025-12-29T14:16:42.500090,S4,1,2,1.0,29.0,4.0,8.0,0.0,0.0,3
2025-12-29T14:16:52.947778,S4,1,2,1.0,29.0,4.0,8.0,0.0,0.0,3
2025-12-29T14:17:03.380865,S4,1,2,1.0,28.0,4.0,13.0,0.0,0.0,3
2025-12-29T14:17:13.853894,S4,1,2,1.0,28.0,4.0,13.0,0.0,0.0,3
2025-12-29T14:17:24.290533,S4,1,2,1.0,28.0,4.0,13.0,0.0,0.0,3
2025-12-29T14:17:34.843482,S4,1,2,1.0,28.0,4.0,13.0,0.0,0.0,3
2025-12-29T14:17:45.270812,S4,1,2,1.0,28.0,4.0,13.0,0.0,0.0,3
2025-12-29T14:17:55.724013,S4,1,2,1.0,28.0,4.0,13.0,0.0,0.0,3
2025-12-29T14:18:06.170371,S4,1,2,1.0,25.0,4.0,11.0,0.0,0.0,3
2025-12-29T14:18:16.609662,S4,1,2,1.0,25.0,4.0,11.0,0.0,0.0,3
2025-12-29T14:18:27.068017,S4,1,2,1.0,25.0,4.0,11.0,0.0,0.0,3
2025-12-29T14:18:37.525399,S4,1,2,1.0,25.0,4.0,11.0,0.0,0.0,3
2025-12-29T14:18:47.997751,S4,1,2,1.0,25.0,4.0,11.0,0.0,0.0,3
2025-12-29T14:18:58.436204,S4,1,2,1.0,25.0,4.0,11.0,0.0,0.0,3
2025-12-29T14:19:08.875304,S4,1,2,2.0,35.0,4.0,13.0,0.0,0.0,3
2025-12-29T14:19:19.393490,S4,1,2,2.0,35.0,4.0,13.0,0.0,0.0,3
2025-12-29T14:19:29.863423,S4,1,2,2.0,35.0,4.0,13.0,0.0,0.0,3
2025-12-29T14:19:40.310381,S4,1,2,2.0,35.0,4.0,13.0,0.0,0.0,3
2025-12-29T14:19:50.751628,S4,1,2,2.0,35.0,4.0,13.0,0.0,0.0,3
2025-12-29T14:20:01.194670,S4,1,2,3.0,42.0,4.0,17.0,0.0,0.0,3
2025-12-29T14:20:11.644144,S4,1,2,3.0,42.0,4.0,17.0,0.0,0.0,3
2025-12-29T14:20:22.105119,S4,1,2,3.0,42.0,4.0,17.0,0.0,0.0,3
2025-12-29T14:20:32.558464,S4,1,2,3.0,42.0,4.0,17.0,0.0,0.0,3
2025-12-29T14:20:42.985683,S4,1,2,3.0,42.0,4.0,17.0,0.0,0.0,3
2025-12-29T14:20:53.446881,S4,1,2,3.0,42.0,4.0,17.0,0.0,0.0,3
2025-12-29T14:21:03.923920,S4,1,2,2.0,41.0,4.0,16.0,0.0,0.0,3
2025-12-29T14:21:14.405965,S4,1,2,2.0,41.0,4.0,16.0,0.0,0.0,3
2025-12-29T14:21:24.848941,S4,1,2,2.0,41.0,4.0,16.0,0.0,0.0,3
2025-12-29T14:21:35.312246,S4,1,2,2.0,41.0,4.0,16.0,0.0,0.0,3
2025-12-29T14:21:45.769142,S4,1,2,2.0,41.0,4.0,16.0,0.0,0.0,3
2025-12-29T14:21:56.242048,S4,1,2,2.0,41.0,4.0,16.0,0.0,0.0,3
2025-12-29T14:22:06.772890,S4,1,2,1.0,39.0,4.0,16.0,0.0,0.0,3
2025-12-29T14:22:18.615501,S4,1,2,1.0,39.0,4.0,16.0,0.0,0.0,3
2025-12-29T14:22:29.095571,S4,1,2,1.0,39.0,4.0,16.0,0.0,0.0,3
2025-12-29T14:22:39.541834,S4,1,2,1.0,39.0,4.0,16.0,0.0,0.0,3
2025-12-29T14:22:50.003324,S4,1,2,1.0,39.0,4.0,16.0,0.0,0.0,3
2025-12-29T14:23:00.441737,S4,1,2,1.0,32.0,4.0,16.0,0.0,0.0,3
2025-12-29T14:23:10.875579,S4,1,2,1.0,32.0,4.0,16.0,0.0,0.0,3
2025-12-29T14:23:21.384558,S4,1,2,1.0,32.0,4.0,16.0,0.0,0.0,3
2025-12-29T14:23:31.875499,S4,1,2,1.0,32.0,4.0,16.0,0.0,0.0,3
2025-12-29T14:23:42.399312,S4,1,2,1.0,32.0,4.0,16.0,0.0,0.0,3
2025-12-29T14:23:52.881338,S4,1,2,1.0,32.0,4.0,16.0,0.0,0.0,3
2025-12-29T14:24:03.391626,S4,1,2,1.0,32.0,4.0,16.0,0.0,0.0,3
2025-12-29T14:24:13.866694,S4,1,2,1.0,32.0,4.0,16.0,0.0,0.0,3
2025-12-29T14:24:24.327063,S4,1,2,1.0,32.0,4.0,16.0,0.0,0.0,3
2025-12-29T14:24:34.781694,S4,1,2,1.0,32.0,4.0,16.0,0.0,0.0,3
2025-12-29T14:24:45.239060,S4,1,2,1.0,32.0,4.0,16.0,0.0,0.0,3
2025-12-29T14:24:55.701678,S4,1,2,1.0,32.0,4.0,16.0,0.0,0.0,3
2025-12-29T14:25:06.192755,S4,1,2,1.0,32.0,4.0,16.0,0.0,0.0,3
2025-12-29T14:25:16.640074,S4,1,2,1.0,32.0,4.0,16.0,0.0,0.0,3
2025-12-29T14:25:27.108839,S4,1,2,1.0,32.0,4.0,16.0,0.0,0.0,3
2025-12-29T14:25:37.566557,S4,1,2,1.0,32.0,4.0,16.0,0.0,0.0,3
2025-12-29T14:25:48.003014,S4,1,2,1.0,32.0,4.0,16.0,0.0,0.0,3
2025-12-29T14:25:58.467882,S4,1,2,1.0,32.0,4.0,16.0,0.0,0.0,3
2025-12-29T14:26:08.935595,S4,1,2,1.0,37.0,4.0,16.0,0.0,0.0,3
2025-12-29T14:26:19.491880,S4,1,2,1.0,37.0,4.0,16.0,0.0,0.0,3
2025-12-29T14:26:29.950712,S4,1,2,1.0,37.0,4.0,16.0,0.0,0.0,3
2025-12-29T14:26:40.409005,S4,1,2,1.0,37.0,4.0,16.0,0.0,0.0,3
2025-12-29T14:26:50.856140,S4,1,2,1.0,37.0,4.0,16.0,0.0,0.0,3
2025-12-29T14:27:01.311995,S4,1,2,1.0,40.0,4.0,16.0,0.0,0.0,3
2025-12-29T14:27:11.787474,S4,1,2,1.0,40.0,4.0,16.0,0.0,0.0,3
2025-12-29T14:27:22.245901,S4,1,2,1.0,40.0,4.0,16.0,0.0,0.0,3
2025-12-29T14:27:32.702361,S4,1,2,1.0,40.0,4.0,16.0,0.0,0.0,3
2025-12-29T14:27:43.167798,S4,1,2,1.0,40.0,4.0,16.0,0.0,0.0,3
2025-12-29T14:27:53.633413,S4,1,2,1.0,40.0,4.0,16.0,0.0,0.0,3
2025-12-29T14:28:04.107807,S4,1,2,1.0,40.0,4.0,16.0,0.0,0.0,3
2025-12-29T14:28:14.573624,S4,1,2,1.0,40.0,4.0,16.0,0.0,0.0,3
2025-12-29T14:28:25.075450,S4,1,2,1.0,40.0,4.0,16.0,0.0,0.0,3
2025-12-29T14:28:35.528381,S4,1,2,1.0,40.0,4.0,16.0,0.0,0.0,3
2025-12-29T14:28:46.010897,S4,1,2,1.0,40.0,4.0,16.0,0.0,0.0,3
2025-12-29T14:28:56.528888,S4,1,2,1.0,40.0,4.0,16.0,0.0,0.0,3
2025-12-29T14:29:07.033818,S4,1,2,1.0,41.0,4.0,16.0,0.0,0.0,3
2025-12-29T14:29:17.540192,S4,1,2,1.0,41.0,4.0,16.0,0.0,0.0,3
2025-12-29T14:29:28.025703,S4,1,2,1.0,41.0,4.0,16.0,0.0,0.0,3
2025-12-29T14:29:38.498209,S4,1,2,1.0,41.0,4.0,16.0,0.0,0.0,3
2025-12-29T14:29:48.969850,S4,1,2,1.0,41.0,4.0,16.0,0.0,0.0,3
2025-12-29T14:29:59.488553,S4,1,2,1.0,40.0,4.0,18.0,0.0,0.0,3
2025-12-29T14:30:09.980121,S4,1,2,1.0,40.0,4.0,18.0,0.0,0.0,3
2025-12-29T14:30:20.439756,S4,1,2,1.0,40.0,4.0,18.0,0.0,0.0,3
2025-12-29T14:30:30.924225,S4,1,2,1.0,40.0,4.0,18.0,0.0,0.0,3
2025-12-29T14:30:41.411703,S4,1,2,1.0,40.0,4.0,18.0,0.0,0.0,3
2025-12-29T14:30:51.900645,S4,1,2,1.0,40.0,4.0,18.0,0.0,0.0,3
2025-12-29T14:31:02.362928,S4,1,2,1.0,43.0,4.0,18.0,0.0,0.0,3
2025-12-29T14:31:12.837891,S4,1,2,1.0,43.0,4.0,18.0,0.0,0.0,3
2025-12-29T14:31:23.294935,S4,1,2,1.0,43.0,4.0,18.0,0.0,0.0,3
2025-12-29T14:31:33.787734,S4,1,2,1.0,43.0,4.0,18.0,0.0,0.0,3
2025-12-29T14:31:44.262205,S4,1,2,1.0,43.0,4.0,18.0,0.0,0.0,3
2025-12-29T14:31:54.742672,S4,1,2,1.0,43.0,4.0,18.0,0.0,0.0,3
2025-12-29T14:32:05.271297,S4,1,2,1.0,42.0,4.0,17.0,0.0,0.0,3
2025-12-29T14:32:15.769368,S4,1,2,1.0,42.0,4.0,17.0,0.0,0.0,3
2025-12-29T14:32:26.340019,S4,1,2,1.0,42.0,4.0,17.0,0.0,0.0,3
2025-12-29T14:32:36.837851,S4,1,2,1.0,42.0,4.0,17.0,0.0,0.0,3
2025-12-29T14:32:47.326655,S4,1,2,1.0,42.0,4.0,17.0,0.0,0.0,3
2025-12-29T14:32:57.830774,S4,1,2,1.0,42.0,4.0,17.0,0.0,0.0,3
2025-12-29T14:33:08.294426,S4,1,2,1.0,48.0,4.0,16.0,0.0,0.0,3
2025-12-29T14:33:18.784577,S4,1,2,1.0,48.0,4.0,16.0,0.0,0.0,3
2025-12-29T14:33:29.331860,S4,1,2,1.0,48.0,4.0,16.0,0.0,0.0,3
2025-12-29T14:33:39.877695,S4,1,2,1.0,48.0,4.0,16.0,0.0,0.0,3
2025-12-29T14:33:50.375057,S4,1,2,1.0,48.0,4.0,16.0,0.0,0.0,3
2025-12-29T14:34:00.952218,S4,1,2,1.0,50.0,4.0,16.0,0.0,0.0,3
2025-12-29T14:34:11.439813,S4,1,2,1.0,50.0,4.0,16.0,0.0,0.0,3
2025-12-29T14:34:21.920152,S4,1,2,1.0,50.0,4.0,16.0,0.0,0.0,3
2025-12-29T14:34:32.399147,S4,1,2,1.0,50.0,4.0,16.0,0.0,0.0,3
2025-12-29T14:34:42.886112,S4,1,2,1.0,50.0,4.0,16.0,0.0,0.0,3
2025-12-29T14:34:53.367848,S4,1,2,1.0,50.0,4.0,16.0,0.0,0.0,3
2025-12-29T14:35:03.855998,S4,1,2,1.0,55.0,4.0,20.0,0.0,0.0,3
2025-12-29T14:35:14.392088,S4,1,2,1.0,55.0,4.0,20.0,0.0,0.0,3
2025-12-29T14:35:24.873725,S4,1,2,1.0,55.0,4.0,20.0,0.0,0.0,3
2025-12-29T14:35:35.393666,S4,1,2,1.0,55.0,4.0,20.0,0.0,0.0,3
2025-12-29T14:35:45.941089,S4,1,3,1.0,55.0,4.0,20.0,0.0,0.0,4
2025-12-29T14:35:56.447470,S4,1,3,1.0,55.0,4.0,20.0,0.0,0.0,4
2025-12-29T14:36:06.976765,S4,1,3,1.0,58.0,4.0,24.0,0.0,0.0,4
2025-12-29T14:36:17.499256,S4,1,3,1.0,58.0,4.0,24.0,0.0,0.0,4
2025-12-29T14:36:28.037712,S4,1,3,1.0,58.0,4.0,24.0,0.0,0.0,4
2025-12-29T14:36:38.566223,S4,1,3,1.0,58.0,4.0,24.0,0.0,0.0,4
2025-12-29T14:36:49.077000,S4,1,3,1.0,58.0,4.0,24.0,0.0,0.0,4
2025-12-29T14:36:59.544563,S4,1,3,1.0,53.0,4.0,19.0,0.0,0.0,4
2025-12-29T14:37:10.056005,S4,1,3,1.0,53.0,4.0,19.0,0.0,0.0,4
2025-12-29T14:37:20.567383,S4,1,3,1.0,53.0,4.0,19.0,0.0,0.0,4
2025-12-29T14:37:31.043717,S4,1,3,1.0,53.0,4.0,19.0,0.0,0.0,4
2025-12-29T14:37:41.538327,S4,1,3,1.0,53.0,4.0,19.0,0.0,0.0,4
2025-12-29T14:37:52.011799,S4,1,3,1.0,53.0,4.0,19.0,0.0,0.0,4
2025-12-29T14:38:02.504197,S4,1,3,1.0,53.0,4.0,19.0,0.0,0.0,4
2025-12-29T14:38:13.012672,S4,1,3,1.0,53.0,4.0,19.0,0.0,0.0,4
2025-12-29T14:38:23.502329,S4,1,3,1.0,53.0,4.0,19.0,0.0,0.0,4
2025-12-29T14:38:34.016997,S4,1,3,1.0,53.0,4.0,19.0,0.0,0.0,4
2025-12-29T14:38:44.500589,S4,1,3,1.0,53.0,4.0,19.0,0.0,0.0,4
2025-12-29T14:38:55.041797,S4,1,3,1.0,53.0,4.0,19.0,0.0,0.0,4
2025-12-29T14:39:05.530846,S4,1,3,1.0,58.0,4.0,25.0,0.0,0.0,4
2025-12-29T14:39:16.062551,S4,1,3,1.0,58.0,4.0,25.0,0.0,0.0,4
2025-12-29T14:39:26.623176,S4,1,3,1.0,58.0,4.0,25.0,0.0,0.0,4
2025-12-29T14:39:37.163772,S4,1,3,1.0,58.0,4.0,25.0,0.0,0.0,4
2025-12-29T14:39:47.636383,S4,1,3,1.0,58.0,4.0,25.0,0.0,0.0,4
2025-12-29T14:39:58.134718,S4,1,3,1.0,58.0,4.0,25.0,0.0,0.0,4
2025-12-29T14:40:08.676178,S4,1,3,2.0,66.0,4.0,32.0,0.0,0.0,4
2025-12-29T14:40:19.234011,S4,1,3,2.0,66.0,4.0,32.0,0.0,0.0,4
2025-12-29T14:40:29.710606,S4,1,3,2.0,66.0,4.0,32.0,0.0,0.0,4
2025-12-29T14:40:40.238069,S4,1,3,2.0,66.0,4.0,32.0,0.0,0.0,4
2025-12-29T14:40:50.736990,S4,1,3,2.0,66.0,4.0,32.0,0.0,0.0,4
2025-12-29T14:41:01.227423,S4,1,3,1.0,66.0,4.0,34.0,0.0,0.0,4
2025-12-29T14:41:11.735722,S4,1,3,1.0,66.0,4.0,34.0,0.0,0.0,4
2025-12-29T14:41:22.226311,S4,1,3,1.0,66.0,4.0,34.0,0.0,0.0,4
2025-12-29T14:41:32.731786,S4,1,3,1.0,66.0,4.0,34.0,0.0,0.0,4
2025-12-29T14:41:43.250921,S4,1,3,1.0,66.0,4.0,34.0,0.0,0.0,4
2025-12-29T14:41:53.731693,S4,1,3,1.0,66.0,4.0,34.0,0.0,0.0,4
2025-12-29T14:42:04.214719,S4,1,3,1.0,66.0,4.0,26.0,0.0,0.0,4
2025-12-29T14:42:14.680638,S4,1,3,1.0,66.0,4.0,26.0,0.0,0.0,4
2025-12-29T14:42:25.161319,S4,1,3,1.0,66.0,4.0,26.0,0.0,0.0,4
2025-12-29T14:42:35.640655,S4,1,3,1.0,66.0,4.0,26.0,0.0,0.0,4
2025-12-29T14:42:46.144798,S4,1,4,1.0,66.0,4.0,26.0,0.0,0.0,5
2025-12-29T14:42:56.678686,S4,1,4,1.0,66.0,4.0,26.0,0.0,0.0,5
2025-12-29T14:43:07.222414,S4,1,4,1.0,71.0,4.0,30.0,0.0,0.0,5
2025-12-29T14:43:17.750081,S4,1,4,1.0,71.0,4.0,30.0,0.0,0.0,5
2025-12-29T14:43:28.294758,S4,1,4,1.0,71.0,4.0,30.0,0.0,0.0,5
2025-12-29T14:43:38.796762,S4,1,4,1.0,71.0,4.0,30.0,0.0,0.0,5
2025-12-29T14:43:49.342949,S4,1,4,1.0,71.0,4.0,30.0,0.0,0.0,5
2025-12-29T14:43:59.875851,S4,1,4,1.0,67.0,4.0,29.0,0.0,0.0,5
2025-12-29T14:44:10.432636,S4,1,4,1.0,67.0,4.0,29.0,0.0,0.0,5
2025-12-29T14:44:20.911829,S4,1,4,1.0,67.0,4.0,29.0,0.0,0.0,5
2025-12-29T14:44:31.396419,S4,1,4,1.0,67.0,4.0,29.0,0.0,0.0,5
2025-12-29T14:44:41.910419,S4,1,4,1.0,67.0,4.0,29.0,0.0,0.0,5
2025-12-29T14:44:52.419380,S4,1,4,1.0,67.0,4.0,29.0,0.0,0.0,5
2025-12-29T14:45:02.988739,S4,1,4,2.0,70.0,4.0,39.0,0.0,0.0,5
2025-12-29T14:45:13.561640,S4,1,4,2.0,70.0,4.0,39.0,0.0,0.0,5
2025-12-29T14:45:24.060033,S4,1,4,2.0,70.0,4.0,39.0,0.0,0.0,5
2025-12-29T14:45:34.560718,S4,1,4,2.0,70.0,4.0,39.0,0.0,0.0,5
2025-12-29T14:45:45.073393,S4,1,4,2.0,70.0,4.0,39.0,0.0,0.0,5
2025-12-29T14:45:55.591544,S4,1,4,2.0,70.0,4.0,39.0,0.0,0.0,5
2025-12-29T14:46:06.101909,S4,1,4,1.0,69.0,4.0,30.0,0.0,0.0,5
2025-12-29T14:46:16.619875,S4,1,4,1.0,69.0,4.0,30.0,0.0,0.0,5
2025-12-29T14:46:27.146020,S4,1,4,1.0,69.0,4.0,30.0,0.0,0.0,5
2025-12-29T14:46:37.673560,S4,1,4,1.0,69.0,4.0,30.0,0.0,0.0,5
2025-12-29T14:46:48.175802,S4,1,4,1.0,69.0,4.0,30.0,0.0,0.0,5
2025-12-29T14:46:58.648876,S4,1,4,1.0,69.0,4.0,30.0,0.0,0.0,5
2025-12-29T14:47:09.195480,S4,1,4,1.0,61.0,4.0,36.0,0.0,0.0,5
2025-12-29T14:47:19.681201,S4,1,4,1.0,61.0,4.0,36.0,0.0,0.0,5
2025-12-29T14:47:30.184856,S4,1,4,1.0,61.0,4.0,36.0,0.0,0.0,5
2025-12-29T14:47:40.694007,S4,1,4,1.0,61.0,4.0,36.0,0.0,0.0,5
2025-12-29T14:47:51.193819,S4,1,4,1.0,61.0,4.0,36.0,0.0,0.0,5
2025-12-29T14:48:01.703391,S4,1,4,1.0,59.0,5.0,33.0,0.0,0.0,5
2025-12-29T14:48:12.191548,S4,1,4,1.0,59.0,5.0,33.0,0.0,0.0,5
2025-12-29T14:48:22.668197,S4,1,4,1.0,59.0,5.0,33.0,0.0,0.0,5
2025-12-29T14:48:33.179721,S4,1,4,1.0,59.0,5.0,33.0,0.0,0.0,5
2025-12-29T14:48:43.653419,S4,1,4,1.0,59.0,5.0,33.0,0.0,0.0,5
2025-12-29T14:48:54.163800,S4,1,4,1.0,59.0,5.0,33.0,0.0,0.0,5
2025-12-29T14:49:04.675615,S4,1,4,1.0,61.0,4.0,32.0,0.0,0.0,5
2025-12-29T14:49:15.151413,S4,1,4,1.0,61.0,4.0,32.0,0.0,0.0,5
2025-12-29T14:49:25.690967,S4,1,4,1.0,61.0,4.0,32.0,0.0,0.0,5
2025-12-29T14:49:36.189988,S4,1,4,1.0,61.0,4.0,32.0,0.0,0.0,5
2025-12-29T14:49:46.720215,S4,1,4,1.0,61.0,4.0,32.0,0.0,0.0,5
2025-12-29T14:49:57.243977,S4,1,4,1.0,61.0,4.0,32.0,0.0,0.0,5
2025-12-29T14:50:07.758828,S4,1,4,1.0,59.0,4.0,32.0,0.0,0.0,5
2025-12-29T14:50:18.261962,S4,1,4,1.0,59.0,4.0,32.0,0.0,0.0,5
2025-12-29T14:50:28.800655,S4,1,4,1.0,59.0,4.0,32.0,0.0,0.0,5
2025-12-29T14:50:39.337636,S4,1,4,1.0,59.0,4.0,32.0,0.0,0.0,5
2025-12-29T14:50:49.839280,S4,1,4,1.0,59.0,4.0,32.0,0.0,0.0,5
2025-12-29T14:51:00.337401,S4,1,4,1.0,58.0,4.0,33.0,0.0,0.0,5
2025-12-29T14:51:10.838622,S4,1,4,1.0,58.0,4.0,33.0,0.0,0.0,5
2025-12-29T14:51:21.363236,S4,1,4,1.0,58.0,4.0,33.0,0.0,0.0,5
2025-12-29T14:51:31.871904,S4,1,4,1.0,58.0,4.0,33.0,0.0,0.0,5
2025-12-29T14:51:42.373707,S4,1,4,1.0,58.0,4.0,33.0,0.0,0.0,5
2025-12-29T14:51:52.886761,S4,1,4,1.0,58.0,4.0,33.0,0.0,0.0,5
2025-12-29T14:52:03.344740,S4,1,4,1.0,59.0,4.0,33.0,0.0,0.0,5
2025-12-29T14:52:13.794604,S4,1,4,1.0,59.0,4.0,33.0,0.0,0.0,5
2025-12-29T14:52:24.255622,S4,1,4,1.0,59.0,4.0,33.0,0.0,0.0,5
2025-12-29T14:52:34.726979,S4,1,4,1.0,59.0,4.0,33.0,0.0,0.0,5
2025-12-29T14:52:45.208508,S4,1,4,1.0,59.0,4.0,33.0,0.0,0.0,5
2025-12-29T14:52:55.662056,S4,1,4,1.0,59.0,4.0,33.0,0.0,0.0,5
2025-12-29T14:53:06.155682,S4,1,4,1.0,55.0,4.0,32.0,0.0,0.0,5
2025-12-29T14:53:16.626670,S4,1,4,1.0,55.0,4.0,32.0,0.0,0.0,5
2025-12-29T14:53:27.133872,S4,1,4,1.0,55.0,4.0,32.0,0.0,0.0,5
2025-12-29T14:53:37.605293,S4,1,4,1.0,55.0,4.0,32.0,0.0,0.0,5
2025-12-29T14:53:48.067569,S4,1,4,1.0,55.0,4.0,32.0,0.0,0.0,5
2025-12-29T14:53:58.577612,S4,1,4,1.0,55.0,4.0,32.0,0.0,0.0,5
2025-12-29T14:54:09.044911,S4,1,4,1.0,50.0,4.0,34.0,0.0,0.0,5
2025-12-29T14:54:19.549652,S4,1,4,1.0,50.0,4.0,34.0,0.0,0.0,5
2025-12-29T14:54:30.004374,S4,1,4,1.0,50.0,4.0,34.0,0.0,0.0,5
2025-12-29T14:54:40.481871,S4,1,4,1.0,50.0,4.0,34.0,0.0,0.0,5
2025-12-29T14:54:50.957626,S4,1,4,1.0,50.0,4.0,34.0,0.0,0.0,5
2025-12-29T14:55:01.454730,S4,1,4,1.0,49.0,4.0,32.0,0.0,0.0,5
2025-12-29T14:55:11.950694,S4,1,4,1.0,49.0,4.0,32.0,0.0,0.0,5
2025-12-29T14:55:22.432077,S4,1,4,1.0,49.0,4.0,32.0,0.0,0.0,5
2025-12-29T14:55:32.920985,S4,1,4,1.0,49.0,4.0,32.0,0.0,0.0,5
2025-12-29T14:55:43.421591,S4,1,4,1.0,49.0,4.0,32.0,0.0,0.0,5
2025-12-29T14:55:53.916788,S4,1,4,1.0,49.0,4.0,32.0,0.0,0.0,5
2025-12-29T14:56:04.411884,S4,1,4,1.0,52.0,4.0,32.0,0.0,0.0,5
2025-12-29T14:56:14.892974,S4,1,4,1.0,52.0,4.0,32.0,0.0,0.0,5
2025-12-29T14:56:25.406890,S4,1,4,1.0,52.0,4.0,32.0,0.0,0.0,5
2025-12-29T14:56:35.933903,S4,1,4,1.0,52.0,4.0,32.0,0.0,0.0,5
2025-12-29T14:56:46.410336,S4,1,4,1.0,52.0,4.0,32.0,0.0,0.0,5
2025-12-29T14:56:56.911308,S4,1,4,1.0,52.0,4.0,32.0,0.0,0.0,5
2025-12-29T14:57:07.391090,S4,1,4,1.0,50.0,4.0,35.0,0.0,0.0,5
2025-12-29T14:57:17.879894,S4,1,4,1.0,50.0,4.0,35.0,0.0,0.0,5
2025-12-29T14:57:28.348489,S4,1,4,1.0,50.0,4.0,35.0,0.0,0.0,5
2025-12-29T14:57:38.864112,S4,1,4,1.0,50.0,4.0,35.0,0.0,0.0,5
2025-12-29T14:57:49.371427,S4,1,4,1.0,50.0,4.0,35.0,0.0,0.0,5
2025-12-29T14:57:59.880846,S4,1,4,1.0,51.0,4.0,33.0,0.0,0.0,5
2025-12-29T14:58:10.359300,S4,1,4,1.0,51.0,4.0,33.0,0.0,0.0,5
2025-12-29T14:58:20.855865,S4,1,4,1.0,43.0,4.0,25.0,0.0,0.0,5
2025-12-29T14:58:31.390979,S4,1,3,1.0,43.0,4.0,25.0,0.0,0.0,4
2025-12-29T14:58:41.857010,S4,1,3,1.0,43.0,4.0,25.0,0.0,0.0,4
2025-12-29T14:58:52.352834,S4,1,3,1.0,43.0,4.0,25.0,0.0,0.0,4
2025-12-29T14:59:02.844312,S4,1,3,1.0,42.0,4.0,24.0,0.0,0.0,4
2025-12-29T14:59:13.342762,S4,1,3,1.0,42.0,4.0,24.0,0.0,0.0,4
2025-12-29T14:59:23.858285,S4,1,3,1.0,42.0,4.0,24.0,0.0,0.0,4
2025-12-29T14:59:34.341984,S4,1,3,1.0,42.0,4.0,24.0,0.0,0.0,4
2025-12-29T14:59:44.827243,S4,1,3,1.0,42.0,4.0,24.0,0.0,0.0,4
2025-12-29T14:59:55.345238,S4,1,3,1.0,42.0,4.0,24.0,0.0,0.0,4
2025-12-29T15:00:05.801074,S4,1,3,1.0,41.0,4.0,24.0,0.0,0.0,4
2025-12-29T15:00:16.256122,S4,1,3,1.0,41.0,4.0,24.0,0.0,0.0,4
2025-12-29T15:00:26.786285,S4,1,3,1.0,41.0,4.0,24.0,0.0,0.0,4
2025-12-29T15:00:37.246940,S4,1,3,1.0,41.0,4.0,24.0,0.0,0.0,4
2025-12-29T15:00:47.709725,S4,1,3,1.0,41.0,4.0,24.0,0.0,0.0,4
2025-12-29T15:00:58.183495,S4,1,3,1.0,41.0,4.0,24.0,0.0,0.0,4
2025-12-29T15:01:08.664269,S4,1,3,1.0,41.0,4.0,28.0,0.0,0.0,4
2025-12-29T15:01:19.175544,S4,1,3,1.0,41.0,4.0,28.0,0.0,0.0,4
2025-12-29T15:01:29.652870,S4,1,3,1.0,41.0,4.0,28.0,0.0,0.0,4
2025-12-29T15:01:40.110700,S4,1,3,1.0,41.0,4.0,28.0,0.0,0.0,4
2025-12-29T15:01:50.579320,S4,1,3,1.0,41.0,4.0,28.0,0.0,0.0,4
2025-12-29T15:02:01.037755,S4,1,3,1.0,42.0,4.0,24.0,0.0,0.0,4
2025-12-29T15:02:11.501238,S4,1,3,1.0,42.0,4.0,24.0,0.0,0.0,4
2025-12-29T15:02:21.968094,S4,1,3,1.0,42.0,4.0,24.0,0.0,0.0,4
2025-12-29T15:02:32.431056,S4,1,3,1.0,42.0,4.0,24.0,0.0,0.0,4
2025-12-29T15:02:42.896608,S4,1,3,1.0,42.0,4.0,24.0,0.0,0.0,4
2025-12-29T15:02:53.350068,S4,1,3,1.0,42.0,4.0,24.0,0.0,0.0,4
2025-12-29T15:03:03.809594,S4,1,3,1.0,45.0,4.0,24.0,0.0,0.0,4
2025-12-29T15:03:14.284452,S4,1,3,1.0,45.0,4.0,24.0,0.0,0.0,4
2025-12-29T15:03:24.731252,S4,1,3,1.0,45.0,4.0,24.0,0.0,0.0,4
2025-12-29T15:03:35.192324,S4,1,3,1.0,45.0,4.0,24.0,0.0,0.0,4
2025-12-29T15:03:45.658036,S4,1,3,1.0,45.0,4.0,24.0,0.0,0.0,4
2025-12-29T15:03:56.170891,S4,1,3,1.0,45.0,4.0,24.0,0.0,0.0,4
2025-12-29T15:04:06.631092,S4,1,3,1.0,40.0,4.0,24.0,0.0,0.0,4
2025-12-29T15:04:17.111927,S4,1,3,1.0,40.0,4.0,24.0,0.0,0.0,4
2025-12-29T15:04:27.581906,S4,1,3,1.0,40.0,4.0,24.0,0.0,0.0,4
2025-12-29T15:04:38.036276,S4,1,3,1.0,40.0,4.0,24.0,0.0,0.0,4
2025-12-29T15:04:48.484256,S4,1,3,1.0,40.0,4.0,24.0,0.0,0.0,4
2025-12-29T15:04:58.925558,S4,1,3,1.0,40.0,4.0,24.0,0.0,0.0,4
2025-12-29T15:05:09.411626,S4,1,3,1.0,40.0,4.0,24.0,0.0,0.0,4
2025-12-29T15:05:19.873706,S4,1,3,1.0,40.0,4.0,24.0,0.0,0.0,4
2025-12-29T15:05:30.334661,S4,1,3,1.0,40.0,4.0,24.0,0.0,0.0,4
2025-12-29T15:05:40.787084,S4,1,3,1.0,40.0,4.0,24.0,0.0,0.0,4
2025-12-29T15:05:51.241555,S4,1,3,1.0,40.0,4.0,24.0,0.0,0.0,4
2025-12-29T15:06:01.710013,S4,1,3,1.0,35.0,4.0,24.0,0.0,0.0,4
2025-12-29T15:06:12.153055,S4,1,3,1.0,35.0,4.0,24.0,0.0,0.0,4
2025-12-29T15:06:22.589782,S4,1,3,1.0,35.0,4.0,24.0,0.0,0.0,4
2025-12-29T15:06:33.031240,S4,1,3,1.0,35.0,4.0,24.0,0.0,0.0,4
2025-12-29T15:06:43.464573,S4,1,3,1.0,35.0,4.0,24.0,0.0,0.0,4
2025-12-29T15:06:53.892682,S4,1,3,1.0,35.0,4.0,24.0,0.0,0.0,4
2025-12-29T15:07:04.383844,S4,1,3,1.0,34.0,4.0,24.0,0.0,0.0,4
2025-12-29T15:07:14.852504,S4,1,3,1.0,34.0,4.0,24.0,0.0,0.0,4
2025-12-29T15:07:25.306093,S4,1,3,1.0,34.0,4.0,24.0,0.0,0.0,4
2025-12-29T15:07:35.751704,S4,1,3,1.0,34.0,4.0,24.0,0.0,0.0,4
2025-12-29T15:07:46.204558,S4,1,3,1.0,34.0,4.0,24.0,0.0,0.0,4
2025-12-29T15:07:56.650392,S4,1,3,1.0,34.0,4.0,24.0,0.0,0.0,4
2025-12-29T15:08:07.152690,S4,1,3,1.0,36.0,4.0,24.0,0.0,0.0,4
2025-12-29T15:08:17.622093,S4,1,3,1.0,36.0,4.0,24.0,0.0,0.0,4
2025-12-29T15:08:28.085474,S4,1,3,1.0,36.0,4.0,24.0,0.0,0.0,4
2025-12-29T15:08:38.550191,S4,1,3,1.0,36.0,4.0,24.0,0.0,0.0,4
2025-12-29T15:08:48.992488,S4,1,3,1.0,36.0,4.0,24.0,0.0,0.0,4
2025-12-29T15:08:59.467813,S4,1,3,1.0,33.0,4.0,24.0,0.0,0.0,4
2025-12-29T15:09:09.921389,S4,1,3,1.0,33.0,4.0,24.0,0.0,0.0,4
2025-12-29T15:09:20.366613,S4,1,3,1.0,33.0,4.0,24.0,0.0,0.0,4
2025-12-29T15:09:30.811794,S4,1,3,1.0,33.0,4.0,24.0,0.0,0.0,4
2025-12-29T15:09:41.236752,S4,1,3,1.0,33.0,4.0,24.0,0.0,0.0,4
2025-12-29T15:09:51.679089,S4,1,3,1.0,33.0,4.0,24.0,0.0,0.0,4
2025-12-29T15:10:02.125602,S4,1,3,1.0,34.0,4.0,26.0,0.0,0.0,4
2025-12-29T15:10:12.566382,S4,1,3,1.0,34.0,4.0,26.0,0.0,0.0,4
2025-12-29T15:10:22.991527,S4,1,3,1.0,34.0,4.0,26.0,0.0,0.0,4
2025-12-29T15:10:33.463764,S4,1,3,1.0,34.0,4.0,26.0,0.0,0.0,4
2025-12-29T15:10:43.901049,S4,1,3,1.0,34.0,4.0,26.0,0.0,0.0,4
2025-12-29T15:10:54.355635,S4,1,3,1.0,34.0,4.0,26.0,0.0,0.0,4
2025-12-29T15:11:04.814984,S4,1,3,1.0,30.0,4.0,24.0,0.0,0.0,4
2025-12-29T15:11:15.277923,S4,1,3,1.0,30.0,4.0,24.0,0.0,0.0,4
2025-12-29T15:11:25.706786,S4,1,3,1.0,30.0,4.0,24.0,0.0,0.0,4
2025-12-29T15:11:36.207348,S4,1,3,1.0,30.0,4.0,24.0,0.0,0.0,4
2025-12-29T15:11:46.671479,S4,1,3,1.0,30.0,4.0,24.0,0.0,0.0,4
2025-12-29T15:11:57.136601,S4,1,3,1.0,30.0,4.0,24.0,0.0,0.0,4
2025-12-29T15:12:07.590006,S4,1,3,1.0,27.0,4.0,24.0,0.0,0.0,4
2025-12-29T15:12:18.032880,S4,1,3,1.0,27.0,4.0,24.0,0.0,0.0,4
2025-12-29T15:12:28.492659,S4,1,2,1.0,17.0,4.0,16.0,0.0,0.0,3
2025-12-29T15:12:38.909683,S4,1,2,1.0,17.0,4.0,16.0,0.0,0.0,3
2025-12-29T15:12:49.382404,S4,1,2,1.0,17.0,4.0,16.0,0.0,0.0,3
2025-12-29T15:12:59.841373,S4,1,2,1.0,22.0,4.0,16.0,0.0,0.0,3
2025-12-29T15:13:10.294427,S4,1,2,1.0,22.0,4.0,16.0,0.0,0.0,3
2025-12-29T15:13:20.735859,S4,1,2,1.0,22.0,4.0,16.0,0.0,0.0,3
2025-12-29T15:13:31.180450,S4,1,2,1.0,22.0,4.0,16.0,0.0,0.0,3
2025-12-29T15:13:41.638746,S4,1,2,1.0,22.0,4.0,16.0,0.0,0.0,3
2025-12-29T15:13:52.102478,S4,1,2,1.0,22.0,4.0,16.0,0.0,0.0,3
2025-12-29T15:14:02.536979,S4,1,2,1.0,26.0,4.0,16.0,0.0,0.0,3
2025-12-29T15:14:12.984312,S4,1,2,1.0,26.0,4.0,16.0,0.0,0.0,3
2025-12-29T15:14:23.416605,S4,1,2,1.0,26.0,4.0,16.0,0.0,0.0,3
2025-12-29T15:14:33.844979,S4,1,2,1.0,26.0,4.0,16.0,0.0,0.0,3
2025-12-29T15:14:44.290152,S4,1,2,1.0,26.0,4.0,16.0,0.0,0.0,3
2025-12-29T15:14:54.721214,S4,1,2,1.0,26.0,4.0,16.0,0.0,0.0,3
2025-12-29T15:15:05.172381,S4,1,2,1.0,27.0,4.0,16.0,0.0,0.0,3
2025-12-29T15:15:15.625904,S4,1,2,1.0,27.0,4.0,16.0,0.0,0.0,3
2025-12-29T15:15:26.062381,S4,1,2,1.0,27.0,4.0,16.0,0.0,0.0,3
2025-12-29T15:15:36.522712,S4,1,2,1.0,27.0,4.0,16.0,0.0,0.0,3
2025-12-29T15:15:46.976893,S4,1,2,1.0,27.0,4.0,16.0,0.0,0.0,3
2025-12-29T15:15:57.404109,S4,1,2,1.0,27.0,4.0,16.0,0.0,0.0,3
2025-12-29T15:16:07.893414,S4,1,2,1.0,25.0,4.0,16.0,0.0,0.0,3
2025-12-29T15:16:18.341987,S4,1,2,1.0,25.0,4.0,16.0,0.0,0.0,3
2025-12-29T15:16:28.783367,S4,1,2,1.0,25.0,4.0,16.0,0.0,0.0,3
2025-12-29T15:16:39.270775,S4,1,2,1.0,25.0,4.0,16.0,0.0,0.0,3
2025-12-29T15:16:49.749960,S4,1,2,1.0,25.0,4.0,16.0,0.0,0.0,3
2025-12-29T15:17:00.203776,S4,1,2,1.0,25.0,4.0,16.0,0.0,0.0,3
2025-12-29T15:17:10.644062,S4,1,2,1.0,25.0,4.0,16.0,0.0,0.0,3
2025-12-29T15:17:21.082621,S4,1,2,1.0,25.0,4.0,16.0,0.0,0.0,3
2025-12-29T15:17:31.525772,S4,1,2,1.0,25.0,4.0,16.0,0.0,0.0,3
2025-12-29T15:17:41.968065,S4,1,2,1.0,25.0,4.0,16.0,0.0,0.0,3
2025-12-29T15:17:52.397765,S4,1,2,1.0,25.0,4.0,16.0,0.0,0.0,3
2025-12-29T15:18:02.830794,S4,1,2,1.0,18.0,4.0,16.0,0.0,0.0,3
2025-12-29T15:18:13.271565,S4,1,2,1.0,18.0,4.0,16.0,0.0,0.0,3
2025-12-29T15:18:23.708352,S4,1,2,1.0,18.0,4.0,16.0,0.0,0.0,3
2025-12-29T15:18:34.142275,S4,1,2,1.0,18.0,4.0,16.0,0.0,0.0,3
2025-12-29T15:18:44.566260,S4,1,2,1.0,18.0,4.0,16.0,0.0,0.0,3
2025-12-29T15:18:55.001793,S4,1,2,1.0,18.0,4.0,16.0,0.0,0.0,3
2025-12-29T15:19:05.442363,S4,1,2,1.0,26.0,4.0,16.0,0.0,0.0,3
2025-12-29T15:19:15.904840,S4,1,2,1.0,26.0,4.0,16.0,0.0,0.0,3
2025-12-29T15:19:26.374759,S4,1,2,1.0,26.0,4.0,16.0,0.0,0.0,3
2025-12-29T15:19:36.803305,S4,1,2,1.0,26.0,4.0,16.0,0.0,0.0,3
2025-12-29T15:19:47.226729,S4,1,2,1.0,26.0,4.0,16.0,0.0,0.0,3
2025-12-29T15:19:57.666954,S4,1,2,1.0,26.0,4.0,16.0,0.0,0.0,3
2025-12-29T15:20:08.113722,S4,1,2,1.0,24.0,4.0,16.0,0.0,0.0,3
2025-12-29T15:20:18.557741,S4,1,2,1.0,24.0,4.0,16.0,0.0,0.0,3
2025-12-29T15:20:28.981488,S4,1,2,1.0,24.0,4.0,16.0,0.0,0.0,3
2025-12-29T15:20:39.436366,S4,1,2,1.0,24.0,4.0,16.0,0.0,0.0,3
2025-12-29T15:20:49.857774,S4,1,2,1.0,24.0,4.0,16.0,0.0,0.0,3
2025-12-29T15:21:00.303891,S4,1,2,1.0,24.0,4.0,16.0,0.0,0.0,3
2025-12-29T15:21:10.739775,S4,1,2,1.0,24.0,4.0,16.0,0.0,0.0,3
2025-12-29T15:21:21.163704,S4,1,2,1.0,24.0,4.0,16.0,0.0,0.0,3
2025-12-29T15:21:31.584056,S4,1,2,1.0,24.0,4.0,16.0,0.0,0.0,3
2025-12-29T15:21:42.016215,S4,1,2,1.0,24.0,4.0,16.0,0.0,0.0,3
2025-12-29T15:21:52.429100,S4,1,2,1.0,24.0,4.0,16.0,0.0,0.0,3
2025-12-29T15:22:02.860015,S4,1,2,1.0,24.0,4.0,16.0,0.0,0.0,3
2025-12-29T15:22:13.296508,S4,1,2,1.0,24.0,4.0,16.0,0.0,0.0,3
2025-12-29T15:22:23.712234,S4,1,2,1.0,24.0,4.0,16.0,0.0,0.0,3
2025-12-29T15:22:34.131599,S4,1,2,1.0,24.0,4.0,16.0,0.0,0.0,3
2025-12-29T15:22:44.557078,S4,1,2,1.0,24.0,4.0,16.0,0.0,0.0,3
2025-12-29T15:22:54.980595,S4,1,2,1.0,24.0,4.0,16.0,0.0,0.0,3
2025-12-29T15:23:05.402139,S4,1,2,1.0,17.0,4.0,16.0,0.0,0.0,3
2025-12-29T15:23:15.828305,S4,1,2,1.0,17.0,4.0,16.0,0.0,0.0,3
2025-12-29T15:23:26.291960,S4,1,2,1.0,17.0,4.0,16.0,0.0,0.0,3
2025-12-29T15:23:36.732147,S4,1,2,1.0,17.0,4.0,16.0,0.0,0.0,3
2025-12-29T15:23:47.153131,S4,1,2,1.0,17.0,4.0,16.0,0.0,0.0,3
2025-12-29T15:23:57.584386,S4,1,2,1.0,17.0,4.0,16.0,0.0,0.0,3
2025-12-29T15:24:08.015304,S4,1,2,1.0,13.0,4.0,16.0,0.0,0.0,3
2025-12-29T15:24:18.430650,S4,1,2,1.0,13.0,4.0,16.0,0.0,0.0,3
2025-12-29T15:24:29.271696,S4,1,2,1.0,13.0,4.0,16.0,0.0,0.0,3
2025-12-29T15:24:39.835549,S4,1,2,1.0,13.0,4.0,16.0,0.0,0.0,3
2025-12-29T15:24:50.266921,S4,1,2,1.0,13.0,4.0,16.0,0.0,0.0,3
2025-12-29T15:25:00.711625,S4,1,2,1.0,12.0,4.0,16.0,0.0,0.0,3
2025-12-29T15:25:11.160179,S4,1,2,1.0,12.0,4.0,16.0,0.0,0.0,3
2025-12-29T15:25:21.593811,S4,1,2,1.0,12.0,4.0,16.0,0.0,0.0,3
2025-12-29T15:25:32.044013,S4,1,2,1.0,12.0,4.0,16.0,0.0,0.0,3
2025-12-29T15:25:42.466305,S4,1,2,1.0,12.0,4.0,16.0,0.0,0.0,3
2025-12-29T15:25:52.907131,S4,1,2,1.0,12.0,4.0,16.0,0.0,0.0,3
2025-12-29T15:26:03.328070,S4,1,2,1.0,11.0,4.0,16.0,0.0,0.0,3
2025-12-29T15:26:13.750564,S4,1,2,1.0,11.0,4.0,16.0,0.0,0.0,3
2025-12-29T15:26:24.180610,S4,1,2,1.0,11.0,4.0,16.0,0.0,0.0,3
2025-12-29T15:26:34.601058,S4,1,2,1.0,11.0,4.0,16.0,0.0,0.0,3
2025-12-29T15:26:45.037973,S4,1,2,1.0,11.0,4.0,16.0,0.0,0.0,3
2025-12-29T15:26:55.473781,S4,1,2,1.0,11.0,4.0,16.0,0.0,0.0,3
2025-12-29T15:27:05.912454,S4,1,2,1.0,9.0,4.0,16.0,0.0,0.0,3
2025-12-29T15:27:16.337325,S4,1,2,1.0,9.0,4.0,16.0,0.0,0.0,3
2025-12-29T15:27:26.845067,S4,1,2,1.0,9.0,4.0,16.0,0.0,0.0,3
2025-12-29T15:27:37.270919,S4,1,1,1.0,4.0,4.0,8.0,0.0,0.0,2
2025-12-29T15:27:47.703661,S4,1,1,1.0,4.0,4.0,8.0,0.0,0.0,2
2025-12-29T15:27:58.139554,S4,1,1,1.0,4.0,4.0,8.0,0.0,0.0,2
2025-12-29T15:28:08.562490,S4,1,1,1.0,7.0,4.0,8.0,0.0,0.0,2
2025-12-29T15:28:18.973335,S4,1,1,1.0,7.0,4.0,8.0,0.0,0.0,2
2025-12-29T15:28:29.420727,S4,1,1,1.0,7.0,4.0,8.0,0.0,0.0,2
2025-12-29T15:28:39.840437,S4,1,1,1.0,7.0,4.0,8.0,0.0,0.0,2
2025-12-29T15:28:50.267006,S4,1,1,1.0,7.0,4.0,8.0,0.0,0.0,2
2025-12-29T15:29:00.681612,S4,1,1,1.0,11.0,4.0,8.0,0.0,0.0,2
2025-12-29T15:29:11.090975,S4,1,1,1.0,11.0,4.0,8.0,0.0,0.0,2
2025-12-29T15:29:21.503369,S4,1,1,1.0,11.0,4.0,8.0,0.0,0.0,2
2025-12-29T15:29:31.937187,S4,1,1,1.0,11.0,4.0,8.0,0.0,0.0,2
2025-12-29T15:29:42.355185,S4,1,1,1.0,11.0,4.0,8.0,0.0,0.0,2
2025-12-29T15:29:52.770726,S4,1,1,1.0,11.0,4.0,8.0,0.0,0.0,2
2025-12-29T15:30:03.190933,S4,1,1,1.0,6.0,4.0,8.0,0.0,0.0,2
2025-12-29T15:30:13.624987,S4,1,1,1.0,6.0,4.0,8.0,0.0,0.0,2
2025-12-29T15:30:24.031518,S4,1,1,1.0,6.0,4.0,8.0,0.0,0.0,2
2025-12-29T15:30:34.441387,S4,1,1,1.0,6.0,4.0,8.0,0.0,0.0,2
2025-12-29T15:30:44.875040,S4,1,1,1.0,6.0,4.0,8.0,0.0,0.0,2
2025-12-29T15:30:55.293691,S4,1,1,1.0,6.0,4.0,8.0,0.0,0.0,2
2025-12-29T15:31:05.700920,S4,1,1,1.0,5.0,4.0,8.0,0.0,0.0,2
2025-12-29T15:31:16.130016,S4,1,1,1.0,5.0,4.0,8.0,0.0,0.0,2
2025-12-29T15:31:26.552603,S4,1,1,1.0,5.0,4.0,8.0,0.0,0.0,2
2025-12-29T15:31:36.967898,S4,1,1,1.0,5.0,4.0,8.0,0.0,0.0,2
2025-12-29T15:31:47.390012,S4,1,1,1.0,5.0,4.0,8.0,0.0,0.0,2
2025-12-29T15:31:57.792437,S4,1,1,1.0,5.0,4.0,8.0,0.0,0.0,2
2025-12-29T15:32:08.206598,S4,1,1,1.0,6.0,4.0,8.0,0.0,0.0,2
2025-12-29T15:32:18.620592,S4,1,1,1.0,6.0,4.0,8.0,0.0,0.0,2
2025-12-29T15:32:29.053665,S4,1,1,1.0,6.0,4.0,8.0,0.0,0.0,2
2025-12-29T15:32:39.477866,S4,1,1,1.0,6.0,4.0,8.0,0.0,0.0,2
2025-12-29T15:32:49.893885,S4,1,1,1.0,6.0,4.0,8.0,0.0,0.0,2
2025-12-29T15:33:00.303081,S4,1,1,1.0,4.0,4.0,8.0,0.0,0.0,2
2025-12-29T15:33:10.711926,S4,1,1,1.0,4.0,4.0,8.0,0.0,0.0,2
2025-12-29T15:33:21.126216,S4,1,1,1.0,4.0,4.0,8.0,0.0,0.0,2
2025-12-29T15:33:31.524464,S4,1,1,1.0,4.0,4.0,8.0,0.0,0.0,2
2025-12-29T15:33:41.941243,S4,1,1,1.0,4.0,4.0,8.0,0.0,0.0,2
2025-12-29T15:33:52.350781,S4,1,1,1.0,4.0,4.0,8.0,0.0,0.0,2
2025-12-29T15:34:02.759370,S4,1,1,1.0,5.0,4.0,8.0,0.0,0.0,2
2025-12-29T15:34:13.190958,S4,1,1,1.0,5.0,4.0,8.0,0.0,0.0,2
2025-12-29T15:34:23.609151,S4,1,1,1.0,5.0,4.0,8.0,0.0,0.0,2
2025-12-29T15:34:34.061190,S4,1,1,1.0,5.0,4.0,8.0,0.0,0.0,2
2025-12-29T15:34:44.494363,S4,1,1,1.0,5.0,4.0,8.0,0.0,0.0,2
2025-12-29T15:34:54.922670,S4,1,1,1.0,5.0,4.0,8.0,0.0,0.0,2
2025-12-29T15:35:05.349573,S4,1,1,1.0,6.0,4.0,8.0,0.0,0.0,2
2025-12-29T15:35:15.768380,S4,1,1,1.0,6.0,4.0,8.0,0.0,0.0,2
2025-12-29T15:35:26.201566,S4,1,1,1.0,6.0,4.0,8.0,0.0,0.0,2
2025-12-29T15:35:36.607628,S4,1,1,1.0,6.0,4.0,8.0,0.0,0.0,2
2025-12-29T15:35:47.030070,S4,1,1,1.0,6.0,4.0,8.0,0.0,0.0,2
2025-12-29T15:35:57.437915,S4,1,1,1.0,6.0,4.0,8.0,0.0,0.0,2
2025-12-29T15:36:07.856319,S4,1,1,1.0,5.0,4.0,8.0,0.0,0.0,2
2025-12-29T15:36:18.284366,S4,1,1,1.0,5.0,4.0,8.0,0.0,0.0,2
2025-12-29T15:36:28.695603,S4,1,1,1.0,5.0,4.0,8.0,0.0,0.0,2
2025-12-29T15:36:39.130277,S4,1,1,1.0,5.0,4.0,8.0,0.0,0.0,2
2025-12-29T15:36:49.552073,S4,1,1,1.0,5.0,4.0,8.0,0.0,0.0,2
2025-12-29T15:36:59.961306,S4,1,1,1.0,3.0,4.0,9.0,0.0,0.0,2
2025-12-29T15:37:10.380403,S4,1,1,1.0,3.0,4.0,9.0,0.0,0.0,2
2025-12-29T15:37:20.790674,S4,1,1,1.0,3.0,4.0,9.0,0.0,0.0,2
2025-12-29T15:37:31.201493,S4,1,1,1.0,3.0,4.0,9.0,0.0,0.0,2
2025-12-29T15:37:41.620494,S4,1,1,1.0,3.0,4.0,9.0,0.0,0.0,2
2025-12-29T15:37:52.021060,S4,1,1,1.0,3.0,4.0,9.0,0.0,0.0,2
2025-12-29T15:38:02.428472,S4,1,1,1.0,2.0,4.0,8.0,0.0,0.0,2
2025-12-29T15:38:12.832439,S4,1,1,1.0,2.0,4.0,8.0,0.0,0.0,2
2025-12-29T15:38:23.240730,S4,1,1,1.0,2.0,4.0,8.0,0.0,0.0,2
2025-12-29T15:38:33.657837,S4,1,1,1.0,2.0,4.0,8.0,0.0,0.0,2
2025-12-29T15:38:44.075947,S4,1,1,1.0,2.0,4.0,8.0,60.55,0.0,2
